date,PM2.5,AQI,CO,NO2,O3,PM10,SO2,Clouds,Precipitation,Pressure,Relative Humidity,Temperature,UV Index,Wind Speed
2022-01-13,75.31958333333334,176.5,347.925,11.475,86.57083333333333,105.70833333333333,46.041666666666664,93.58333333333333,0.041666666666666664,1019.7083333333334,85.08333333333333,16.129166666666666,0.5708333333333333,2.1795833333333334
2022-01-14,96.33333333333333,203.79166666666666,430.4875,19.845833333333335,58.291666666666664,135.55416666666667,50.85,84.25,0.0,1017.3333333333334,84.45833333333333,16.883333333333333,0.6291666666666667,1.47
2022-01-15,106.41666666666667,176.75,464.79583333333335,26.75,48.57083333333333,150.09583333333333,48.17916666666667,88.91666666666667,0.0,1015.9166666666666,87.41666666666667,18.379166666666666,0.5791666666666667,1.735
2022-01-16,63.52791666666667,153.58333333333334,299.47083333333336,15.916666666666666,62.291666666666664,89.72500000000001,33.59583333333333,88.91666666666667,0.0,1016.375,86.41666666666667,19.9375,1.0666666666666667,2.359166666666667
2022-01-17,41.61083333333333,117.04166666666667,333.9125,11.779166666666667,52.84583333333333,58.625,32.641666666666666,76.29166666666667,0.4479166666666667,1020.25,85.0,15.004166666666668,0.5833333333333334,2.9004166666666666
2022-01-18,62.694583333333334,129.91666666666666,342.25,17.583333333333332,73.54166666666667,88.19166666666666,40.09583333333333,65.54166666666667,0.0,1020.625,68.45833333333333,17.858333333333334,1.2874999999999999,1.99875
2022-01-19,92.01375,184.54166666666666,415.0291666666667,25.429166666666664,70.04166666666667,129.58333333333334,49.916666666666664,65.16666666666667,0.14583333333333334,1018.0416666666666,69.20833333333333,17.95,1.2583333333333333,1.9425
2022-01-20,99.54166666666667,157.875,472.60833333333335,25.208333333333332,69.45833333333333,140.55833333333334,48.862500000000004,96.58333333333333,0.90625,1015.75,84.83333333333333,16.6875,0.7208333333333333,1.7750000000000001
2022-01-21,77.8475,178.04166666666666,379.2416666666666,18.6125,78.82083333333334,109.44166666666666,45.041666666666664,84.0,0.9166666666666666,1014.125,92.83333333333333,16.787499999999998,0.5833333333333334,1.6129166666666668
2022-01-22,70.30541666666666,168.54166666666666,245.8083333333333,16.095833333333335,66.14999999999999,99.14166666666667,36.44166666666667,95.04166666666667,0.03125,1010.0,89.91666666666667,18.8625,0.6541666666666667,1.8570833333333334
2022-01-23,99.91666666666667,202.16666666666666,299.91249999999997,25.179166666666664,41.625,141.025,41.125,86.08333333333333,0.0,1009.25,86.33333333333333,20.970833333333335,0.6791666666666667,1.8099999999999998
2022-01-24,101.52791666666667,151.75,357.80833333333334,21.3625,45.375,143.375,43.52916666666667,73.125,0.0,1010.375,83.125,22.84166666666667,1.2875,2.11
2022-01-25,53.263749999999995,142.45833333333334,254.6291666666667,13.262500000000001,69.60000000000001,75.01666666666667,40.5,96.79166666666667,0.0,1012.6666666666666,88.75,20.525000000000002,0.7041666666666666,2.860416666666667
2022-01-26,55.805416666666666,145.0,228.6,12.362499999999999,74.27499999999999,78.80416666666666,32.52916666666667,90.33333333333333,0.0,1012.8333333333334,89.08333333333333,20.858333333333334,0.6458333333333334,2.8874999999999997
2022-01-27,51.93083333333333,135.83333333333334,201.54999999999998,12.470833333333333,77.65416666666667,73.54166666666667,28.804166666666664,68.16666666666667,0.0,1012.75,85.91666666666667,22.2375,1.0333333333333334,2.7483333333333335
2022-01-28,59.458333333333336,147.79166666666666,197.11666666666667,13.570833333333333,71.70833333333333,84.08333333333333,28.929166666666664,75.16666666666667,0.0,1011.9583333333334,83.125,22.508333333333336,1.0541666666666667,3.2616666666666667
2022-01-29,49.166666666666664,130.95833333333334,293.3541666666667,13.845833333333333,53.42916666666667,69.19583333333334,36.083333333333336,90.54166666666667,0.0,1011.7916666666666,88.20833333333333,17.345833333333335,0.6124999999999999,3.359166666666667
2022-01-30,31.26375,93.45833333333333,226.15416666666667,9.375,63.166666666666664,43.762499999999996,34.65416666666667,93.70833333333333,0.0,1015.8333333333334,70.04166666666667,13.291666666666666,0.6291666666666667,2.2475
2022-01-31,40.041666666666664,113.83333333333333,232.375,9.5,72.16666666666667,56.30416666666667,34.362500000000004,90.58333333333333,0.08333333333333333,1017.5,76.83333333333333,12.620833333333332,0.6291666666666667,2.4833333333333334
2022-02-01,39.180416666666666,110.70833333333333,227.17916666666667,9.862499999999999,68.76666666666667,55.01666666666667,35.483333333333334,100.0,0.010416666666666666,1018.0,67.875,13.254166666666668,0.6333333333333333,2.2620833333333334
2022-02-02,43.236250000000005,121.29166666666667,239.59166666666667,10.375,61.012499999999996,60.637499999999996,38.1,100.0,0.0,1018.8333333333334,76.58333333333333,12.795833333333334,0.65,2.499166666666667
2022-02-03,51.444583333333334,126.875,280.03749999999997,13.125,70.90416666666667,72.42916666666666,41.59583333333333,98.29166666666667,0.0,1019.375,62.291666666666664,14.174999999999999,1.1083333333333334,2.2916666666666665
2022-02-04,58.458333333333336,143.20833333333334,267.20416666666665,13.470833333333333,83.22083333333333,82.16666666666667,46.32083333333333,98.29166666666667,0.0625,1020.8333333333334,61.791666666666664,15.975000000000001,1.2666666666666666,1.8579166666666669
2022-02-05,60.805416666666666,148.91666666666666,240.27916666666667,13.166666666666666,85.91666666666667,85.6125,48.25,92.20833333333333,1.1875,1021.4583333333334,64.79166666666667,15.545833333333334,0.7208333333333333,1.7625
2022-02-06,93.93041666666666,189.58333333333334,353.6958333333334,24.0,53.125,132.27916666666667,58.05416666666667,81.0,0.59375,1018.2083333333334,93.45833333333333,13.241666666666667,0.6625,1.8741666666666665
2022-02-07,109.01416666666667,175.95833333333334,443.18333333333334,27.766666666666666,42.375,153.875,46.737500000000004,90.66666666666667,0.22916666666666666,1013.6666666666666,87.54166666666667,16.400000000000002,0.9083333333333333,1.8183333333333334
2022-02-08,41.708333333333336,117.16666666666667,256.8041666666667,14.0,49.737500000000004,58.916666666666664,42.65,74.625,0.041666666666666664,1014.375,93.79166666666667,16.379166666666666,0.6625,1.9720833333333332
2022-02-09,39.38875,112.125,230.15,13.387500000000001,46.9,55.512499999999996,47.5,85.70833333333333,0.0,1016.9583333333334,84.875,13.845833333333333,0.6666666666666666,2.2333333333333334
2022-02-10,55.361250000000005,144.33333333333334,271.8333333333333,17.4875,43.85,77.5125,50.541666666666664,84.29166666666667,0.21875,1014.9583333333334,88.83333333333333,13.854166666666666,0.7041666666666666,1.6187500000000001
2022-02-11,78.45833333333333,178.66666666666666,364.5416666666667,24.0125,40.983333333333334,110.60000000000001,52.19583333333333,79.70833333333333,0.4583333333333333,1013.9583333333334,91.41666666666667,16.1875,0.7333333333333334,1.48375
2022-02-12,51.541666666666664,140.08333333333334,296.15000000000003,17.3625,42.40416666666667,72.875,48.77916666666667,76.33333333333333,0.3541666666666667,1013.0,94.5,15.783333333333333,0.6875,1.6029166666666665
2022-02-13,35.59708333333334,102.54166666666667,257.95416666666665,13.125,50.94583333333333,49.833333333333336,39.42916666666667,87.45833333333333,0.2604166666666667,1013.9166666666666,85.20833333333333,14.1875,0.6958333333333333,2.475
2022-02-14,54.458333333333336,134.95833333333334,250.30416666666667,13.983333333333334,67.73333333333333,76.59583333333333,39.041666666666664,90.29166666666667,0.041666666666666664,1016.75,64.0,16.400000000000002,0.8375,2.585
2022-02-15,93.875,175.91666666666666,387.42083333333335,25.974999999999998,50.82083333333333,132.69583333333333,60.333333333333336,93.70833333333333,0.3645833333333333,1015.2083333333334,84.04166666666667,16.9375,0.7000000000000001,1.62
2022-02-16,96.91666666666667,202.66666666666666,390.6666666666667,26.650000000000002,47.17916666666667,136.69166666666666,60.083333333333336,78.04166666666667,0.4270833333333333,1011.4166666666666,92.04166666666667,16.779166666666665,0.7000000000000001,1.1379166666666667
2022-02-17,83.66666666666667,182.25,297.15833333333336,23.349999999999998,46.90416666666667,118.25,46.09583333333333,87.08333333333333,0.10416666666666667,1008.5416666666666,90.66666666666667,18.970833333333335,0.725,1.325
2022-02-18,54.166666666666664,137.33333333333334,199.67916666666667,16.2625,48.375,76.875,34.725,84.625,0.020833333333333332,1008.75,93.0,21.116666666666667,0.7083333333333334,2.485
2022-02-19,25.972083333333334,80.29166666666667,209.65,9.875,54.69583333333333,36.52916666666667,27.59583333333333,79.54166666666667,0.6458333333333334,1015.2916666666666,86.08333333333333,13.729166666666666,0.7125,3.9983333333333335
2022-02-20,29.916666666666668,88.83333333333333,182.7458333333333,7.3875,70.56666666666666,42.05416666666667,32.07083333333333,73.66666666666667,0.8854166666666666,1021.5,83.79166666666667,9.195833333333333,0.725,3.49875
2022-02-21,35.80583333333333,102.20833333333333,191.6,7.1125,76.45833333333333,50.27916666666667,37.75,74.375,0.010416666666666666,1022.5,66.625,11.154166666666667,0.7291666666666666,2.5595833333333333
2022-02-22,26.76375,81.91666666666667,159.10833333333332,6.6375,73.94583333333334,37.40416666666667,32.81666666666667,99.625,0.020833333333333332,1023.5833333333334,64.125,11.979166666666666,0.8291666666666666,3.23375
2022-02-23,35.75,101.54166666666667,148.09166666666667,8.558333333333334,84.19583333333334,50.15,29.349999999999998,62.541666666666664,0.19791666666666666,1025.5416666666667,51.958333333333336,13.970833333333333,1.6583333333333332,2.4499999999999997
2022-02-24,61.986250000000005,123.75,223.35833333333335,15.691666666666668,79.08333333333333,87.20833333333333,43.31666666666666,67.375,0.20833333333333334,1025.2916666666667,56.583333333333336,14.929166666666667,1.9458333333333335,2.24875
2022-02-25,117.44416666666666,175.875,490.02500000000003,35.166666666666664,63.875,159.5875,66.75,36.291666666666664,0.15625,1022.5833333333334,70.54166666666667,15.137500000000001,1.1333333333333333,2.74875
2022-02-26,83.625,185.95833333333334,507.0291666666667,32.65416666666667,65.60833333333333,104.55416666666667,57.291666666666664,74.20833333333333,0.0,1020.9166666666666,75.125,16.120833333333334,1.3375000000000001,1.9820833333333334
2022-02-27,124.0,214.54166666666666,615.5458333333333,36.59583333333333,73.10000000000001,155.025,64.29166666666667,87.375,0.0,1017.6666666666666,75.125,18.833333333333332,0.9375,1.9375
2022-02-28,85.83333333333333,190.16666666666666,381.72499999999997,28.695833333333336,72.55416666666666,107.325,46.76666666666667,82.125,1.0104166666666667,1014.625,77.375,19.991666666666667,1.0374999999999999,2.484166666666667
2022-03-01,75.625,173.70833333333334,354.25,27.34583333333333,50.02916666666667,94.55,45.44166666666666,92.08333333333333,0.3229166666666667,1015.2083333333334,81.125,20.849999999999998,0.775,1.9504166666666667
2022-03-02,74.83333333333333,172.08333333333334,460.6458333333333,24.058333333333334,61.59583333333333,93.57916666666667,41.975,88.75,0.5729166666666666,1015.4583333333334,79.83333333333333,22.25,1.3458333333333332,2.4225
2022-03-03,63.666666666666664,146.95833333333334,351.4458333333334,21.858333333333334,57.112500000000004,79.6125,13.583333333333334,88.20833333333333,0.3125,1013.0416666666666,80.41666666666667,22.004166666666666,0.8624999999999999,2.7616666666666667
2022-03-04,32.75,95.41666666666667,180.09583333333333,16.195833333333333,46.19166666666666,40.96666666666666,17.375,77.54166666666667,0.041666666666666664,1011.375,87.70833333333333,21.47083333333333,0.7999999999999999,2.6374999999999997
2022-03-05,27.541666666666668,83.79166666666667,247.32500000000002,20.583333333333332,40.40416666666667,34.449999999999996,26.358333333333334,84.20833333333333,0.0,1010.4583333333334,91.0,21.554166666666664,0.7999999999999999,2.4208333333333334
2022-03-06,24.125,76.125,225.13750000000002,21.041666666666668,29.208333333333332,30.1875,22.90416666666667,82.70833333333333,0.09375,1010.2083333333334,91.29166666666667,22.27916666666667,0.8250000000000001,2.3595833333333336
2022-03-07,43.916666666666664,115.125,337.41249999999997,20.7625,58.25,54.912499999999994,49.57083333333333,71.54166666666667,0.28125,1016.4583333333334,73.54166666666667,21.508333333333336,1.6375,2.45
2022-03-08,60.458333333333336,145.45833333333334,591.725,21.558333333333334,81.625,75.59583333333333,64.125,35.875,0.041666666666666664,1014.625,64.25,20.691666666666666,2.3333333333333335,2.942083333333333
2022-03-09,33.25,96.75,249.23333333333335,17.108333333333334,91.66666666666667,41.583333333333336,40.733333333333334,76.41666666666667,0.40625,1012.5,77.16666666666667,19.983333333333334,0.9125,2.8095833333333338
2022-03-10,28.208333333333332,85.5,206.73749999999998,18.070833333333333,73.34583333333333,35.2875,41.141666666666666,87.25,0.0,1012.4166666666666,83.79166666666667,20.791666666666668,0.9208333333333334,2.1374999999999997
2022-03-11,24.5,76.79166666666667,253.95000000000002,22.166666666666668,59.237500000000004,30.650000000000002,43.19166666666666,100.0,0.03125,1011.0416666666666,78.66666666666667,22.041666666666668,0.9500000000000001,2.2354166666666666
2022-03-12,26.291666666666668,80.95833333333333,194.5041666666667,16.095833333333335,58.208333333333336,32.88333333333333,17.0,87.95833333333333,0.13541666666666666,1009.6666666666666,80.25,22.7,0.9083333333333333,2.997916666666667
2022-03-13,24.125,76.33333333333333,224.54999999999998,20.9875,48.65416666666667,30.179166666666664,31.599999999999998,93.0,0.16666666666666666,1009.7916666666666,84.04166666666667,22.825,0.8791666666666668,2.637916666666667
2022-03-14,26.291666666666668,80.875,250.86249999999998,21.625,43.60833333333333,32.887499999999996,23.804166666666664,98.29166666666667,0.07291666666666667,1009.7916666666666,81.54166666666667,23.537499999999998,0.875,2.85875
2022-03-15,59.375,149.5,467.21250000000003,26.7625,48.85,74.24583333333332,57.44583333333333,96.66666666666667,0.13541666666666666,1008.9166666666666,75.54166666666667,24.866666666666664,0.9041666666666667,1.6995833333333332
2022-03-16,34.416666666666664,99.33333333333333,337.72499999999997,26.5,33.42916666666667,43.041666666666664,45.333333333333336,89.95833333333333,0.71875,1007.2916666666666,86.04166666666667,23.625,1.0374999999999999,2.73375
2022-03-17,28.583333333333332,86.41666666666667,145.07500000000002,13.529166666666667,47.166666666666664,35.75833333333333,25.441666666666666,86.08333333333333,0.07291666666666667,1006.5,87.04166666666667,23.933333333333334,0.9583333333333334,2.22
2022-03-18,38.958333333333336,111.70833333333333,197.05416666666667,18.0,41.80416666666667,48.7125,19.279166666666665,88.29166666666667,0.0625,1007.2083333333334,82.08333333333333,24.933333333333334,0.9625,2.1591666666666667
2022-03-19,29.75,89.04166666666667,200.35416666666666,14.029166666666667,49.26666666666667,37.22083333333333,15.679166666666667,86.25,0.0,1005.4583333333334,86.08333333333333,24.304166666666664,1.1958333333333333,2.5124999999999997
2022-03-20,33.444583333333334,97.95833333333333,122.8125,9.5,59.0,44.1,21.9875,91.29166666666667,0.13541666666666666,1005.4166666666666,83.91666666666667,25.708333333333332,1.2333333333333334,3.5254166666666666
2022-03-21,34.5,100.54166666666667,117.47500000000001,9.691666666666666,54.67916666666667,43.15416666666667,22.3625,69.16666666666667,0.14583333333333334,1006.3333333333334,85.33333333333333,25.920833333333334,1.3166666666666667,2.8325
2022-03-22,46.819583333333334,128.08333333333334,139.95416666666668,11.975,54.02916666666667,63.8125,27.208333333333332,78.375,0.1875,1007.75,80.58333333333333,27.1375,1.6041666666666667,2.3866666666666667
2022-03-23,33.930416666666666,98.875,194.6916666666667,10.441666666666666,59.012499999999996,47.67916666666667,26.275000000000002,88.66666666666667,0.4583333333333333,1012.125,77.41666666666667,20.4875,0.9166666666666666,3.546666666666667
2022-03-24,46.361250000000005,124.0,219.40833333333333,14.070833333333333,57.40416666666667,65.2375,34.362500000000004,94.875,0.07291666666666667,1009.7083333333334,85.79166666666667,19.2375,0.9666666666666667,1.8470833333333332
2022-03-25,68.1525,165.29166666666666,229.22916666666666,18.4875,59.34583333333333,96.29166666666667,31.7375,84.20833333333333,0.15625,1006.1666666666666,85.0,23.145833333333332,1.5291666666666666,1.4254166666666668
2022-03-26,98.34750000000001,201.70833333333334,259.43333333333334,16.958333333333332,86.27916666666665,138.66666666666666,34.69166666666667,72.91666666666667,0.0625,1006.125,79.125,26.945833333333336,2.529166666666667,1.8862500000000002
2022-03-27,43.72208333333333,116.70833333333333,197.90833333333333,8.25,87.35833333333333,58.525,31.291666666666668,87.66666666666667,0.5416666666666666,1011.3333333333334,76.41666666666667,23.400000000000002,0.9791666666666666,2.975
2022-03-28,43.75,119.83333333333333,177.67916666666667,8.25,100.10000000000001,59.137499999999996,24.433333333333334,88.125,0.6354166666666666,1015.5416666666666,71.54166666666667,19.870833333333334,1.45,1.3954166666666667
2022-03-29,74.90291666666667,175.125,254.7125,18.233333333333334,63.97083333333333,104.14999999999999,36.17916666666667,89.08333333333333,0.46875,1013.4583333333334,78.125,20.787499999999998,1.1500000000000001,1.8670833333333334
2022-03-30,53.958333333333336,135.08333333333334,190.52499999999998,15.570833333333333,58.5,76.05833333333334,31.304166666666664,79.54166666666667,0.052083333333333336,1012.2916666666666,88.70833333333333,22.441666666666666,0.9958333333333335,2.061666666666667
2022-03-31,52.166666666666664,136.16666666666666,169.85416666666666,14.958333333333334,65.57083333333334,73.60833333333333,31.541666666666668,84.08333333333333,0.14583333333333334,1013.5833333333334,83.33333333333333,24.59166666666667,1.2958333333333334,2.03375
2022-04-01,30.235833333333332,90.25,175.90833333333333,6.583333333333333,84.69166666666666,41.891666666666666,22.4875,82.70833333333333,0.25,1019.9583333333334,86.0,18.445833333333333,0.9833333333333334,3.1366666666666667
2022-04-02,44.819583333333334,122.79166666666667,143.13333333333333,7.404166666666666,85.95833333333333,61.791666666666664,23.070833333333336,95.83333333333333,0.2708333333333333,1023.7916666666666,49.958333333333336,19.808333333333334,1.2333333333333332,2.8312500000000003
2022-04-03,52.25,132.75,191.65833333333333,17.166666666666668,79.45833333333333,73.02499999999999,38.983333333333334,63.666666666666664,0.020833333333333332,1021.2916666666666,52.875,20.412499999999998,2.441666666666667,1.81125
2022-04-04,91.61125,154.08333333333334,347.79583333333335,24.400000000000002,85.69583333333333,128.73749999999998,54.30833333333334,61.833333333333336,0.0,1020.0,53.625,21.4375,3.158333333333333,1.8925
2022-04-05,115.40249999999999,189.04166666666666,346.69166666666666,35.19583333333333,86.41666666666667,162.15416666666667,51.19166666666666,33.041666666666664,0.041666666666666664,1018.625,62.5,21.84166666666667,2.8375,1.3508333333333333
2022-04-06,165.66666666666666,212.83333333333334,548.8083333333333,31.15416666666667,69.33333333333333,232.0666666666667,60.225,87.625,0.020833333333333332,1016.625,66.41666666666667,23.90416666666667,2.9250000000000003,1.9649999999999999
2022-04-07,182.25,214.45833333333334,629.5625,35.69166666666667,74.04166666666667,254.57083333333333,60.041666666666664,51.916666666666664,0.0,1015.0,57.875,26.375,2.9749999999999996,1.20625
2022-04-08,194.55583333333334,269.5833333333333,775.3666666666667,26.2375,115.6125,271.22083333333336,55.05416666666667,32.041666666666664,0.0,1013.5,59.5,24.954166666666666,3.1166666666666667,1.2966666666666666
2022-04-09,98.15249999999999,182.79166666666666,348.0625,30.84583333333333,108.58333333333333,137.35,28.583333333333332,11.291666666666666,0.0,1010.75,67.5,24.775000000000002,3.2375000000000003,2.734583333333333
2022-04-10,106.38916666666667,164.25,360.8125,33.32083333333333,86.84583333333335,149.01250000000002,36.15416666666667,42.125,0.0,1009.4583333333334,71.25,24.641666666666666,2.1333333333333333,2.124166666666667
2022-04-11,66.54166666666667,158.25,200.9125,17.029166666666665,68.45833333333333,93.42916666666667,21.804166666666664,95.0,0.0,1008.7916666666666,87.70833333333333,23.483333333333334,1.0999999999999999,2.247916666666667
2022-04-12,51.7775,132.5,147.59166666666667,14.483333333333334,57.112500000000004,72.58333333333333,23.5125,81.5,0.17708333333333334,1005.1666666666666,85.125,24.983333333333334,1.2791666666666666,2.85875
2022-04-13,58.875,150.83333333333334,168.00833333333333,15.445833333333333,66.56666666666666,82.5,23.945833333333336,65.04166666666667,0.0,1005.375,74.04166666666667,27.258333333333336,1.2083333333333333,2.012916666666667
2022-04-14,59.569583333333334,149.0,189.29166666666666,15.445833333333333,71.43333333333334,83.69583333333334,18.654166666666665,68.20833333333333,0.0,1005.5416666666666,79.33333333333333,26.045833333333334,1.4916666666666665,2.4458333333333333
2022-04-15,57.15291666666667,152.66666666666666,168.31666666666666,11.233333333333334,68.83333333333333,79.875,23.708333333333332,90.45833333333333,0.0,1006.2083333333334,81.0,26.454166666666666,1.0250000000000001,2.609166666666667
2022-04-16,42.527499999999996,119.5,159.61666666666667,9.458333333333334,70.05416666666666,59.52916666666667,22.583333333333332,99.625,1.0520833333333333,1007.75,89.04166666666667,24.1375,1.0416666666666667,2.4983333333333335
2022-04-17,43.861250000000005,122.875,193.99166666666667,10.5,58.583333333333336,60.833333333333336,31.483333333333334,76.66666666666667,0.0,1013.0416666666666,89.25,18.3875,1.0291666666666666,2.24875
2022-04-18,40.805416666666666,111.125,188.5625,11.375,65.95833333333333,56.708333333333336,30.266666666666666,79.625,0.2604166666666667,1016.4583333333334,77.41666666666667,19.400000000000002,1.0541666666666667,1.9675
2022-04-19,67.80583333333333,157.95833333333334,259.21666666666664,22.02916666666667,70.07083333333334,94.85833333333333,41.72083333333333,67.54166666666667,0.03125,1016.375,60.916666666666664,22.59166666666667,1.825,1.9945833333333336
2022-04-20,67.38875,156.20833333333334,267.6375,22.583333333333332,69.22083333333333,94.39166666666667,40.887499999999996,67.83333333333333,0.19791666666666666,1013.5416666666666,73.58333333333333,22.3875,1.6833333333333333,1.3045833333333332
2022-04-21,68.61125,161.45833333333334,263.5833333333333,18.0,75.0125,96.3875,35.0,96.29166666666667,0.3125,1010.4583333333334,82.125,23.166666666666668,1.1541666666666666,2.0954166666666665
2022-04-22,38.48583333333333,107.0,149.7125,11.970833333333333,62.5,54.57083333333333,24.375,74.33333333333333,0.0,1007.8333333333334,74.75,25.495833333333334,1.3666666666666665,2.8733333333333335
2022-04-23,50.208333333333336,137.125,155.96666666666667,13.029166666666667,60.32083333333333,70.72083333333333,22.208333333333332,71.20833333333333,0.0,1006.2916666666666,80.70833333333333,27.079166666666666,2.0958333333333337,2.40125
2022-04-24,38.333333333333336,109.0,133.70000000000002,10.487499999999999,68.0,54.612500000000004,20.6125,88.41666666666667,0.0,1003.625,86.0,27.045833333333334,1.7333333333333334,2.4562500000000003
2022-04-25,49.7225,136.29166666666666,131.19166666666666,8.625,75.125,71.08333333333333,21.125,62.333333333333336,0.0,1002.5416666666666,81.29166666666667,28.391666666666666,2.6833333333333336,2.38625
2022-04-26,50.7775,138.29166666666666,142.61666666666667,9.5,76.5,72.29166666666667,21.97083333333333,79.54166666666667,0.0,1002.375,81.95833333333333,28.400000000000002,3.0124999999999997,2.762916666666667
2022-04-27,44.4725,124.41666666666667,109.58749999999999,8.137500000000001,60.30416666666667,63.833333333333336,17.654166666666665,87.20833333333333,0.0,1004.3333333333334,82.08333333333333,28.483333333333334,1.6166666666666665,2.3733333333333335
2022-04-28,29.222083333333334,87.25,87.31666666666666,7.1125,53.083333333333336,42.17916666666667,15.737499999999999,99.79166666666667,0.0,1006.2916666666666,86.95833333333333,27.458333333333332,1.5666666666666667,2.485
2022-04-29,36.875,106.125,90.79583333333333,11.291666666666666,42.958333333333336,53.458333333333336,22.84583333333333,92.04166666666667,0.0,1007.5833333333334,86.5,27.0625,1.0791666666666666,2.1370833333333334
2022-04-30,40.125,114.875,110.0625,13.525,48.90416666666667,56.94583333333333,25.416666666666668,66.33333333333333,0.0,1007.5833333333334,79.125,28.645833333333332,2.379166666666667,2.7495833333333333
2022-05-01,24.51375,77.25,127.2375,5.8500000000000005,91.82083333333333,34.125,16.845833333333335,62.666666666666664,0.84375,1011.5416666666666,62.041666666666664,24.03333333333333,1.1125,3.497916666666667
2022-05-02,48.083333333333336,127.33333333333333,147.5875,10.0,97.25,66.09583333333333,27.791666666666668,75.41666666666667,0.16666666666666666,1014.75,41.041666666666664,24.504166666666666,2.2666666666666666,3.23375
2022-05-03,75.69458333333334,172.0,265.0,31.775000000000002,80.10833333333333,105.79166666666667,45.93333333333334,25.208333333333332,0.020833333333333332,1014.9583333333334,51.375,24.854166666666668,3.279166666666667,1.9541666666666666
2022-05-04,124.375,188.625,405.2791666666667,38.266666666666666,102.9875,173.38750000000002,48.875,21.791666666666668,0.53125,1012.9583333333334,49.791666666666664,25.333333333333332,3.2916666666666665,2.0116666666666667
2022-05-05,139.73625,196.875,400.33750000000003,27.066666666666666,116.1125,193.975,42.666666666666664,45.0,0.0625,1010.2083333333334,63.333333333333336,25.8875,1.9625000000000001,2.046666666666667
2022-05-06,129.55541666666667,199.66666666666666,373.02500000000003,31.416666666666668,74.30416666666666,179.875,40.958333333333336,84.66666666666667,0.03125,1009.5833333333334,72.16666666666667,26.675,1.3583333333333334,1.7470833333333333
2022-05-07,80.22208333333333,170.58333333333334,229.725,21.458333333333332,66.09583333333333,112.125,29.650000000000002,81.20833333333333,0.20833333333333334,1009.5,81.41666666666667,26.879166666666666,1.2833333333333334,1.9841666666666666
2022-05-08,76.38916666666667,170.375,189.7458333333333,20.916666666666668,56.237500000000004,106.3875,26.208333333333332,90.41666666666667,0.09375,1008.9583333333334,87.0,26.333333333333332,1.7833333333333334,2.622916666666667
2022-05-09,80.36083333333333,157.875,209.22916666666666,22.516666666666666,56.612500000000004,111.55416666666667,28.391666666666666,67.29166666666667,0.11458333333333333,1007.75,83.58333333333333,27.304166666666664,1.4958333333333333,3.247916666666667
2022-05-10,41.444583333333334,112.04166666666667,115.37083333333334,12.762500000000001,47.97083333333333,57.93333333333334,21.1375,77.66666666666667,0.09375,1004.5833333333334,81.45833333333333,28.704166666666666,1.5458333333333334,2.874166666666667
2022-05-11,39.416666666666664,111.75,148.04583333333332,13.779166666666667,60.42916666666667,49.29583333333333,27.90416666666667,68.41666666666667,0.25,1002.6666666666666,82.125,29.375,1.2208333333333334,2.1158333333333332
2022-05-12,27.833333333333332,84.625,147.0,13.541666666666666,54.958333333333336,34.800000000000004,25.333333333333332,85.54166666666667,1.1145833333333333,1002.125,88.125,27.22083333333333,1.1125,1.7033333333333334
2022-05-13,30.416666666666668,90.83333333333333,149.29999999999998,10.75,66.01666666666667,38.05416666666667,20.775000000000002,82.375,0.22916666666666666,1002.2916666666666,82.83333333333333,27.712500000000002,1.2249999999999999,2.3454166666666665
2022-05-14,34.708333333333336,100.0,181.35833333333335,11.333333333333334,68.94166666666666,43.4,22.708333333333332,94.04166666666667,0.0,1005.875,87.41666666666667,24.795833333333334,1.0791666666666666,1.77125
2022-05-15,24.75,77.58333333333333,186.36666666666667,10.9,80.125,30.954166666666666,23.1125,88.66666666666667,0.0,1007.6666666666666,82.125,25.275000000000002,1.0999999999999999,2.095
2022-05-16,17.208333333333332,60.958333333333336,134.77083333333334,8.945833333333333,82.0,21.541666666666668,22.875,91.70833333333333,0.08333333333333333,1012.3333333333334,57.125,24.245833333333334,1.0916666666666666,2.5791666666666666
2022-05-17,37.75,106.45833333333333,224.27083333333334,22.5125,68.52916666666667,47.2125,38.458333333333336,61.541666666666664,0.0,1011.9166666666666,63.916666666666664,24.90416666666667,1.2291666666666667,1.6729166666666666
2022-05-18,31.0,91.66666666666667,270.9375,17.570833333333333,83.0125,38.775,37.19583333333333,55.25,0.03125,1011.0416666666666,69.75,25.541666666666668,1.1041666666666667,2.6366666666666667
2022-05-19,38.59708333333334,106.91666666666667,174.26666666666665,14.554166666666667,82.93333333333334,53.92916666666667,28.958333333333332,85.41666666666667,0.0,1009.5833333333334,80.20833333333333,25.95,1.1291666666666667,2.018333333333333
2022-05-20,40.36125,113.33333333333333,150.72916666666666,14.612499999999999,70.31666666666666,57.175000000000004,26.775000000000002,82.5,0.0,1007.2916666666666,80.875,27.150000000000002,1.1833333333333333,2.1374999999999997
2022-05-21,43.458333333333336,121.16666666666667,172.7541666666667,14.0,68.68333333333334,54.349999999999994,30.558333333333334,96.58333333333333,0.20833333333333334,1004.8333333333334,81.875,26.375,1.0833333333333333,2.4704166666666665
2022-05-22,37.333333333333336,104.75,89.95,7.304166666666667,57.81666666666666,46.69166666666666,17.429166666666667,82.83333333333333,0.9895833333333334,1000.7916666666666,93.70833333333333,24.525000000000002,1.0791666666666666,2.165
2022-05-23,16.333333333333332,59.0,78.07916666666667,7.6125,54.32083333333333,20.445833333333333,17.583333333333332,75.875,1.65625,1001.2083333333334,93.95833333333333,24.754166666666666,1.0791666666666666,1.985
2022-05-24,18.458333333333332,60.125,110.07083333333333,13.195833333333333,46.987500000000004,23.104166666666668,21.570833333333336,84.33333333333333,3.2291666666666665,1005.4166666666666,95.0,24.1875,1.0791666666666666,1.4454166666666666
2022-05-25,43.333333333333336,121.0,143.125,16.916666666666668,45.512499999999996,54.199999999999996,26.233333333333334,84.04166666666667,0.0,1004.25,85.375,27.391666666666666,1.0958333333333334,1.45125
2022-05-26,38.291666666666664,108.54166666666667,107.25,11.220833333333333,58.92916666666667,48.21666666666667,22.016666666666666,54.458333333333336,0.020833333333333332,1000.0833333333334,76.70833333333333,29.5625,1.7166666666666668,1.4258333333333333
2022-05-27,30.916666666666668,90.66666666666667,138.82083333333333,13.416666666666666,65.20833333333333,38.666666666666664,25.191666666666666,65.625,1.0208333333333333,999.0833333333334,82.79166666666667,28.59166666666667,1.0791666666666666,1.8170833333333334
2022-05-28,29.416666666666668,87.95833333333333,98.59583333333335,9.179166666666667,61.85,36.795833333333334,18.9875,82.91666666666667,0.7916666666666666,999.1666666666666,84.58333333333333,28.849999999999998,1.0791666666666666,2.091666666666667
2022-05-29,29.5,88.45833333333333,102.77499999999999,9.945833333333333,63.125,36.9,21.095833333333335,64.66666666666667,0.4791666666666667,1000.4583333333334,86.95833333333333,28.175,1.0791666666666666,1.64
2022-05-30,32.333333333333336,94.95833333333333,114.73333333333333,12.404166666666667,58.15,40.44166666666666,23.333333333333332,69.79166666666667,0.6354166666666666,1001.7916666666666,86.45833333333333,28.4875,1.075,1.6329166666666666
2022-05-31,25.833333333333332,78.875,106.13333333333333,12.083333333333334,51.35,32.32083333333333,19.016666666666666,70.83333333333333,3.4375,1003.4166666666666,83.20833333333333,27.483333333333334,1.075,1.7845833333333332
2022-06-01,24.5,76.95833333333333,91.90416666666665,8.65,63.137499999999996,30.650000000000002,17.858333333333334,59.333333333333336,0.7604166666666666,1002.7083333333334,82.41666666666667,28.90416666666667,1.5916666666666668,2.061666666666667
2022-06-02,26.333333333333332,81.0,93.97916666666667,7.904166666666666,63.137499999999996,32.94166666666667,17.916666666666668,66.70833333333333,0.07291666666666667,1000.6666666666666,78.25,30.2625,1.0999999999999999,1.6179166666666667
2022-06-03,22.916666666666668,73.5,108.52083333333333,10.362499999999999,71.47500000000001,28.666666666666668,22.77916666666667,59.958333333333336,0.23958333333333334,999.25,69.58333333333333,31.02916666666667,1.075,2.23375
2022-06-04,29.583333333333332,88.625,88.4375,9.012500000000001,65.17916666666666,36.99583333333333,20.720833333333335,15.416666666666666,0.0,998.875,63.958333333333336,32.80416666666667,1.075,2.499166666666667
2022-06-05,43.625,120.04166666666667,112.39999999999999,13.304166666666667,61.375,54.550000000000004,27.041666666666668,33.083333333333336,0.010416666666666666,998.7916666666666,67.0,32.516666666666666,1.075,2.0
2022-06-06,26.166666666666668,80.5,158.4625,17.5,51.90416666666667,32.737500000000004,28.2375,67.08333333333333,0.4583333333333333,1001.125,79.75,29.054166666666664,1.075,2.0
2022-06-07,22.708333333333332,71.875,223.07916666666665,21.558333333333334,63.916666666666664,28.412499999999998,33.291666666666664,76.125,0.2708333333333333,1002.2916666666666,80.33333333333333,28.445833333333336,1.0833333333333333,1.4754166666666668
2022-06-08,34.0,98.91666666666667,202.32083333333333,19.929166666666667,72.27499999999999,42.525,30.2375,73.16666666666667,0.5833333333333334,1001.75,82.16666666666667,28.541666666666668,1.3041666666666667,1.64
2022-06-09,48.833333333333336,123.20833333333333,128.94583333333333,16.791666666666668,66.41666666666667,61.0625,27.125,48.208333333333336,0.020833333333333332,1001.25,78.75,29.25,1.1125,1.5570833333333332
2022-06-10,46.680416666666666,125.375,168.35,20.7625,50.85,62.52916666666667,32.69166666666667,68.45833333333333,0.6770833333333334,999.9166666666666,74.08333333333333,31.229166666666668,1.075,1.8170833333333334
2022-06-11,69.45833333333333,166.91666666666666,259.2291666666667,25.15416666666667,52.083333333333336,93.04583333333333,37.15416666666667,100.0,0.7291666666666666,1002.0,82.0,29.308333333333334,1.0791666666666666,1.3608333333333336
2022-06-12,40.375,111.45833333333333,149.84166666666667,17.2625,64.41666666666667,50.49166666666667,29.570833333333336,82.5,0.125,1002.375,74.79166666666667,31.34583333333333,1.1041666666666667,1.6983333333333333
2022-06-13,33.0,95.875,120.06666666666666,14.25,64.25,41.266666666666666,26.5,46.208333333333336,1.3020833333333333,1001.8333333333334,67.95833333333333,31.954166666666666,1.075,2.330833333333333
2022-06-14,18.791666666666668,64.29166666666667,123.90416666666665,14.583333333333334,54.98333333333333,23.504166666666666,23.804166666666664,70.54166666666667,0.8541666666666666,1005.4583333333334,83.70833333333333,27.65833333333333,1.0791666666666666,2.53375
2022-06-15,21.916666666666668,70.79166666666667,163.75416666666666,16.224999999999998,62.82083333333333,27.416666666666668,26.84583333333333,79.20833333333333,0.17708333333333334,1006.3333333333334,81.66666666666667,28.066666666666666,1.0958333333333334,1.5004166666666665
2022-06-16,23.0,73.58333333333333,81.96249999999999,8.525,61.67916666666667,28.770833333333332,17.708333333333332,60.791666666666664,0.14583333333333334,1004.5,73.79166666666667,30.320833333333336,1.1083333333333334,2.3733333333333335
2022-06-17,21.083333333333332,68.375,94.55416666666667,10.529166666666667,64.41666666666667,26.379166666666666,22.083333333333332,52.416666666666664,0.0,1001.625,66.0,31.650000000000002,1.3833333333333335,2.249166666666667
2022-06-18,24.583333333333332,77.125,85.24166666666666,9.737499999999999,59.18333333333334,30.758333333333336,21.099999999999998,19.916666666666668,0.0,999.25,59.625,32.69166666666667,1.075,2.1091666666666664
2022-06-19,34.208333333333336,92.5,87.83333333333333,11.083333333333334,62.137499999999996,42.78333333333333,21.666666666666668,27.666666666666668,0.0,998.0416666666666,57.958333333333336,33.78333333333333,1.075,2.0454166666666667
2022-06-20,35.833333333333336,96.5,91.10416666666667,10.887500000000001,60.72083333333333,44.8125,22.75,48.5,0.010416666666666666,997.2083333333334,61.416666666666664,33.5875,1.075,2.1933333333333334
2022-06-21,41.666666666666664,101.79166666666667,119.0125,13.291666666666666,70.10000000000001,52.1,21.275000000000002,28.916666666666668,0.010416666666666666,997.875,62.791666666666664,33.858333333333334,1.0833333333333333,2.2620833333333334
2022-06-22,33.791666666666664,98.08333333333333,117.25,10.737499999999999,68.06666666666666,42.270833333333336,16.2375,30.416666666666668,0.010416666666666666,1002.5833333333334,71.875,32.30416666666667,1.0916666666666666,2.49875
2022-06-23,35.333333333333336,101.25,119.6875,11.525,65.6125,44.19166666666666,16.279166666666665,89.875,2.0416666666666665,1006.125,83.20833333333333,28.233333333333334,1.2916666666666667,1.9766666666666666
2022-06-24,31.666666666666668,93.41666666666667,117.96666666666665,13.570833333333333,58.30416666666667,39.6125,16.845833333333335,32.666666666666664,0.0,1005.25,73.5,30.4375,2.4833333333333334,2.3316666666666666
2022-06-25,25.875,79.375,122.79583333333333,15.054166666666667,60.43333333333334,33.358333333333334,17.929166666666667,24.875,0.0,1004.0,69.375,30.695833333333336,1.5583333333333333,2.734166666666667
2022-06-26,29.333333333333332,88.125,123.71666666666665,13.516666666666666,67.22083333333333,36.69583333333333,17.154166666666665,54.25,0.07291666666666667,1004.8333333333334,78.45833333333333,30.108333333333334,2.2916666666666665,2.733333333333333
2022-06-27,21.416666666666668,70.54166666666667,87.44166666666666,9.666666666666666,60.82083333333333,26.8,17.25,21.583333333333332,0.0,1003.0,71.45833333333333,32.045833333333334,1.2833333333333332,2.2616666666666667
2022-06-28,36.958333333333336,103.70833333333333,80.35833333333333,11.041666666666666,68.64999999999999,46.22083333333333,21.5,23.041666666666668,0.010416666666666666,1000.25,63.958333333333336,33.050000000000004,1.7291666666666667,2.6079166666666667
2022-06-29,48.583333333333336,128.0,106.82916666666667,14.775,53.93333333333334,60.76666666666666,26.72083333333333,50.125,0.041666666666666664,998.8333333333334,74.5,31.15416666666667,1.0708333333333333,2.1808333333333336
2022-06-30,38.166666666666664,104.625,101.84,19.54,33.46,47.72083333333333,34.14,57.875,0.4583333333333333,1000.1666666666666,81.5,28.620833333333334,1.1,1.6870833333333335
2022-07-01,30.863636363636363,90.18181818181819,145.03254901960784,26.948235294117648,53.46941176470588,38.599999999999994,40.11882352941176,62.0,0.25,999.7916666666666,73.95833333333333,29.78333333333333,1.2625,1.615
2022-07-02,22.208333333333332,72.125,188.22509803921565,34.3564705882353,73.47882352941176,27.795833333333334,46.097647058823526,41.083333333333336,1.15625,996.0416666666666,66.79166666666667,31.80416666666667,1.125,2.025
2022-07-03,23.333333333333332,79.5,231.41764705882352,41.76470588235294,93.48823529411764,29.179166666666664,52.07647058823529,39.125,0.19791666666666666,996.1666666666666,73.25,31.212500000000002,1.1083333333333334,1.6725
2022-07-04,41.166666666666664,114.70833333333333,217.775,38.32083333333333,75.52916666666667,51.475,51.55833333333334,45.333333333333336,0.08333333333333333,996.4166666666666,70.25,33.21666666666667,1.0833333333333333,1.6158333333333335
2022-07-05,31.458333333333332,96.54166666666667,239.3125,39.56666666666667,71.3625,39.34583333333333,58.083333333333336,52.291666666666664,3.6666666666666665,999.125,75.83333333333333,30.974999999999998,1.0791666666666666,1.99125
2022-07-06,39.708333333333336,110.79166666666667,234.1291666666667,38.05833333333333,57.012499999999996,49.65416666666667,109.17916666666667,76.25,0.5104166666666666,1002.125,82.75,28.400000000000002,1.0791666666666666,1.9412500000000001
2022-07-07,19.916666666666668,71.79166666666667,166.92083333333332,22.816666666666666,85.44583333333333,24.925,85.34583333333335,78.91666666666667,0.6354166666666666,1001.625,83.75,27.733333333333334,1.075,1.6904166666666667
2022-07-08,27.625,84.29166666666667,140.65,16.933333333333334,97.125,34.55416666666667,61.333333333333336,81.625,0.6458333333333334,1002.875,83.08333333333333,27.96666666666667,1.0791666666666666,1.6679166666666667
2022-07-09,32.875,95.875,149.17499999999998,27.416666666666668,50.98333333333333,41.1125,67.85000000000001,47.25,0.3854166666666667,1003.0416666666666,85.33333333333333,27.974999999999998,1.2,2.4925
2022-07-10,32.875,96.75,133.29999999999998,23.84583333333333,67.22500000000001,41.12083333333333,77.54166666666667,48.791666666666664,0.052083333333333336,1003.625,78.16666666666667,29.208333333333332,1.4583333333333333,1.9341666666666668
2022-07-11,25.958333333333332,80.16666666666667,131.42083333333332,27.59583333333333,47.10833333333333,32.475,87.3875,51.958333333333336,0.20833333333333334,1003.5416666666666,78.91666666666667,29.504166666666666,1.7916666666666667,1.315
2022-07-12,23.958333333333332,76.41666666666667,135.625,30.083333333333332,45.85,29.974999999999998,55.887499999999996,43.166666666666664,0.0625,1003.2083333333334,80.875,29.662499999999998,1.6624999999999999,2.2399999999999998
2022-07-13,23.333333333333332,74.04166666666667,182.875,37.862500000000004,35.583333333333336,29.2,62.85,47.25,0.2916666666666667,1002.6666666666666,83.75,28.900000000000002,1.4958333333333333,1.3808333333333334
2022-07-14,27.875,85.70833333333333,169.14583333333334,37.512499999999996,37.5,34.86666666666667,56.67916666666667,56.958333333333336,0.28125,1002.75,81.45833333333333,29.162499999999998,1.375,1.6395833333333334
2022-07-15,20.416666666666668,68.875,166.8375,34.19583333333333,63.387499999999996,25.554166666666664,64.41666666666667,48.291666666666664,0.8854166666666666,1003.125,79.08333333333333,29.708333333333332,1.9375,1.7095833333333335
2022-07-16,19.25,71.54166666666667,181.38333333333333,33.208333333333336,71.6125,24.09166666666667,68.83333333333333,46.208333333333336,0.020833333333333332,1002.75,74.54166666666667,31.191666666666666,2.0166666666666666,2.262916666666667
2022-07-17,23.416666666666668,80.58333333333333,148.40416666666667,19.041666666666668,96.25,29.299999999999997,75.91666666666667,43.0,0.0,1001.375,74.08333333333333,32.329166666666666,1.1458333333333333,2.1245833333333333
2022-07-18,27.708333333333332,84.70833333333333,135.07916666666668,16.6125,94.22083333333335,34.65833333333333,69.33333333333333,35.541666666666664,0.1875,999.3333333333334,73.125,32.525,1.1291666666666667,2.222916666666667
2022-07-19,22.041666666666668,73.79166666666667,127.53333333333335,16.845833333333335,78.1125,27.575,55.92916666666667,60.916666666666664,0.6666666666666666,1000.5416666666666,77.83333333333333,30.09166666666667,1.1416666666666666,1.897916666666667
2022-07-20,20.208333333333332,66.875,132.67499999999998,25.34583333333333,51.583333333333336,25.291666666666668,43.27916666666667,70.25,0.125,1004.6666666666666,85.0,28.795833333333334,1.1125,2.735
2022-07-21,27.083333333333332,82.875,111.70416666666667,24.65416666666667,37.25,33.88333333333333,36.666666666666664,58.125,0.59375,1007.125,88.91666666666667,27.90833333333333,1.3458333333333332,1.8720833333333333
2022-07-22,22.93041666666667,73.66666666666667,110.64999999999999,20.208333333333332,59.833333333333336,33.479166666666664,52.69583333333333,57.375,0.8854166666666666,1009.25,86.875,27.604166666666668,1.6791666666666665,1.375
2022-07-23,27.902916666666666,84.41666666666667,140.34166666666667,26.02916666666667,53.72083333333333,38.19166666666667,73.125,38.666666666666664,0.020833333333333332,1007.6666666666666,77.625,29.650000000000002,2.6750000000000003,1.6895833333333332
2022-07-24,19.958333333333332,75.375,145.25,22.233333333333334,71.67916666666666,24.962500000000002,74.92916666666666,30.75,0.0,1005.9166666666666,73.66666666666667,30.95,3.091666666666667,2.35875
2022-07-25,20.833333333333332,73.25,136.1,26.291666666666668,55.82083333333333,26.070833333333336,67.9875,25.75,0.0,1006.25,70.0,30.945833333333336,2.6,2.3595833333333336
2022-07-26,22.458333333333332,75.625,131.37083333333334,22.833333333333332,56.958333333333336,28.09583333333333,74.625,21.458333333333332,0.0,1005.5,73.58333333333333,30.866666666666664,3.1958333333333333,2.1366666666666667
2022-07-27,23.333333333333332,75.29166666666667,110.26666666666667,18.224999999999998,54.637499999999996,29.191666666666666,72.45833333333333,37.166666666666664,0.0,1004.9583333333334,74.75,30.724999999999998,1.9333333333333333,2.735
2022-07-28,31.125,92.0,118.12916666666666,16.970833333333335,78.66666666666667,38.925,78.33333333333333,52.375,0.0,1004.9583333333334,74.16666666666667,31.054166666666664,1.625,2.3870833333333334
2022-07-29,34.52791666666666,100.125,133.15,18.195833333333333,80.52916666666667,43.875,83.92916666666666,52.416666666666664,0.0,1003.6666666666666,76.08333333333333,31.2375,1.0875,2.4833333333333334
2022-07-30,34.083333333333336,99.41666666666667,160.58333333333334,18.941666666666666,88.5125,42.62083333333333,70.5,62.833333333333336,0.0,1002.25,76.16666666666667,29.583333333333332,1.4958333333333333,2.137916666666667
2022-07-31,23.291666666666668,74.45833333333333,161.54999999999998,18.75,79.2375,29.141666666666666,59.42916666666667,44.25,0.010416666666666666,1001.8333333333334,80.58333333333333,28.962500000000002,1.2583333333333333,1.9529166666666669
2022-08-01,24.208333333333332,80.79166666666667,175.55416666666667,27.041666666666668,76.65416666666667,30.28333333333333,55.791666666666664,36.958333333333336,0.13541666666666666,1003.0833333333334,82.0,29.09166666666667,1.5374999999999999,2.084166666666667
2022-08-02,24.291666666666668,80.83333333333333,193.04166666666666,36.016666666666666,66.66666666666667,30.3875,64.19583333333334,42.041666666666664,0.0,1004.5833333333334,72.79166666666667,30.495833333333334,1.8208333333333335,1.9816666666666667
2022-08-03,28.0,88.25,216.6291666666667,43.10833333333333,72.22083333333333,35.020833333333336,87.07083333333333,24.541666666666668,0.0,1004.6666666666666,65.33333333333333,32.079166666666666,2.0,1.7679166666666666
2022-08-04,27.166666666666668,85.41666666666667,214.71666666666667,39.65416666666667,75.16666666666667,33.983333333333334,82.85833333333333,63.833333333333336,0.5104166666666666,1002.3333333333334,75.91666666666667,30.662499999999998,1.0958333333333334,2.0375
2022-08-05,28.25,86.0,207.38750000000002,37.22083333333333,62.762499999999996,35.3375,67.82083333333334,60.625,0.11458333333333333,1001.875,77.25,28.96666666666667,1.0625,1.7570833333333333
2022-08-06,21.375,69.0,151.98333333333332,30.195833333333336,36.43333333333333,26.754166666666666,45.387499999999996,72.95833333333333,1.1979166666666667,1002.7083333333334,84.04166666666667,27.15833333333333,1.0583333333333333,1.6695833333333334
2022-08-07,28.041666666666668,84.95833333333333,177.03750000000002,35.40416666666667,41.541666666666664,35.074999999999996,48.19583333333333,61.541666666666664,0.65625,1004.0416666666666,86.25,27.479166666666668,1.0583333333333333,1.9425
2022-08-08,27.583333333333332,83.79166666666667,179.66666666666666,33.733333333333334,48.541666666666664,34.50416666666667,34.27916666666667,63.041666666666664,0.6041666666666666,1003.9166666666666,78.375,28.795833333333334,1.8583333333333334,1.7679166666666666
2022-08-09,26.166666666666668,81.25,139.78333333333333,24.291666666666668,61.06666666666666,32.737500000000004,51.4,37.875,0.0,1002.1666666666666,74.04166666666667,29.75,1.2916666666666667,1.50125
2022-08-10,30.166666666666668,89.95833333333333,165.67916666666667,28.558333333333334,36.18333333333333,37.733333333333334,74.27916666666667,58.333333333333336,1.0729166666666667,999.375,78.33333333333333,29.108333333333334,1.0541666666666667,2.405416666666667
2022-08-11,15.375,55.208333333333336,127.25,21.47083333333333,37.012499999999996,19.475,61.75,70.91666666666667,2.7604166666666665,999.2916666666666,91.66666666666667,25.7625,1.0541666666666667,3.4949999999999997
2022-08-12,24.333333333333332,75.45833333333333,141.1625,26.90416666666667,31.679166666666664,30.445833333333336,73.91666666666667,74.625,2.1458333333333335,1004.9166666666666,91.33333333333333,25.3875,1.0541666666666667,2.107083333333333
2022-08-13,36.5,105.54166666666667,166.89583333333334,25.75,78.26666666666667,45.645833333333336,82.7375,77.66666666666667,0.13541666666666666,1005.2916666666666,82.25,27.933333333333334,1.0999999999999999,1.70375
2022-08-14,23.875,84.70833333333333,199.05416666666667,26.916666666666668,93.29166666666667,29.870833333333334,85.97083333333335,59.833333333333336,0.020833333333333332,1004.5,84.875,28.3125,1.7291666666666667,2.11125
2022-08-15,22.666666666666668,75.83333333333333,199.60416666666666,36.137499999999996,69.1375,28.3625,67.05416666666666,52.666666666666664,0.0,1003.25,81.0,29.308333333333334,2.2958333333333334,1.83125
2022-08-16,29.333333333333332,88.29166666666667,194.5375,35.012499999999996,68.16666666666667,36.69166666666667,77.25,34.208333333333336,0.0,1003.2083333333334,76.625,30.84166666666667,2.495833333333333,1.5220833333333335
2022-08-17,26.791666666666668,82.0,232.6916666666667,47.875,36.02916666666667,33.512499999999996,102.20833333333333,34.208333333333336,0.020833333333333332,1003.0833333333334,81.45833333333333,30.383333333333336,1.45,1.99
2022-08-18,34.916666666666664,101.91666666666667,222.29166666666666,37.57083333333333,92.7625,43.666666666666664,87.2375,45.791666666666664,0.020833333333333332,1002.375,79.54166666666667,30.8125,1.2333333333333334,1.5616666666666665
2022-08-19,40.291666666666664,113.70833333333333,185.375,26.4875,91.95833333333333,50.395833333333336,71.9875,56.125,0.0625,1001.5,80.41666666666667,31.099999999999998,2.158333333333333,2.095
2022-08-20,22.833333333333332,73.70833333333333,129.43333333333334,22.291666666666668,50.375,28.566666666666666,57.625,72.25,1.7916666666666667,1001.125,90.75,28.191666666666666,1.1458333333333333,1.6845833333333333
2022-08-21,20.333333333333332,68.0,100.05,17.150000000000002,53.012499999999996,25.450000000000003,47.0,63.791666666666664,0.8125,1001.3333333333334,92.25,27.054166666666664,1.1875,2.62375
2022-08-22,16.5,64.625,146.21666666666667,24.308333333333334,62.52916666666667,20.650000000000002,43.55416666666667,27.875,0.010416666666666666,1003.4166666666666,79.45833333333333,29.979166666666668,1.6333333333333335,2.1754166666666666
2022-08-23,30.875,93.70833333333333,188.1833333333333,23.775000000000002,61.958333333333336,38.61666666666667,85.7625,46.666666666666664,0.22916666666666666,1004.125,88.83333333333333,29.354166666666668,1.6875,1.8879166666666667
2022-08-24,52.625,138.54166666666666,166.90833333333333,19.833333333333332,98.52916666666665,66.77499999999999,86.5,47.708333333333336,0.052083333333333336,1002.375,79.83333333333333,30.99166666666667,1.1458333333333333,1.3920833333333336
2022-08-25,35.75,100.0,245.60416666666666,32.125,66.125,44.71666666666667,100.39166666666667,69.16666666666667,3.6458333333333335,998.6666666666666,90.20833333333333,28.175,1.0583333333333333,1.8379166666666666
2022-08-26,15.541666666666666,56.166666666666664,126.19583333333333,22.641666666666666,34.59583333333333,19.45416666666667,44.10833333333333,74.20833333333333,2.2708333333333335,1001.4166666666666,85.125,28.316666666666666,1.0291666666666666,2.734166666666667
2022-08-27,20.958333333333332,74.08333333333333,121.77083333333333,20.983333333333334,65.27916666666667,26.22083333333333,54.82083333333333,49.75,0.010416666666666666,1006.0833333333334,78.41666666666667,30.020833333333332,1.7083333333333333,2.800416666666667
2022-08-28,23.833333333333332,79.91666666666667,146.72916666666666,24.52916666666667,59.25,29.816666666666666,73.3625,38.458333333333336,0.0,1006.0,79.625,30.775000000000002,1.7458333333333333,2.1370833333333334
2022-08-29,20.916666666666668,69.08333333333333,121.25833333333333,22.304166666666664,45.25,26.170833333333334,69.25,21.166666666666668,0.0,1007.6666666666666,77.58333333333333,30.979166666666668,2.525,2.20375
2022-08-30,24.25,78.41666666666667,135.37083333333334,21.916666666666668,51.083333333333336,30.34583333333333,86.55416666666667,21.125,0.0,1007.0416666666666,73.91666666666667,31.145833333333332,2.4541666666666666,2.2483333333333335
2022-08-31,35.5,101.66666666666667,128.13750000000002,21.375,53.625,44.4,80.41666666666667,44.0,0.020833333333333332,1005.5416666666666,73.33333333333333,31.179166666666664,1.0958333333333334,2.151666666666667
2022-09-01,33.375,95.91666666666667,128.87083333333334,15.433333333333332,69.70833333333333,41.737500000000004,46.65416666666667,78.875,2.2708333333333335,1007.4583333333334,84.04166666666667,29.320833333333336,1.2874999999999999,1.4741666666666668
2022-09-02,37.083333333333336,108.45833333333333,136.37083333333334,14.025,97.94166666666666,46.37083333333334,43.31666666666666,58.083333333333336,0.0,1007.0,69.75,30.354166666666668,1.175,1.3508333333333333
2022-09-03,45.375,126.45833333333333,203.14166666666665,20.141666666666666,129.58333333333334,56.74166666666667,85.20833333333333,57.458333333333336,0.0,1004.25,70.95833333333333,31.15416666666667,1.2750000000000001,1.7866666666666668
2022-09-04,34.25,99.70833333333333,167.6875,19.2625,87.2375,44.2125,52.612500000000004,74.20833333333333,0.6770833333333334,1005.875,80.08333333333333,28.429166666666664,1.4791666666666667,2.2475
2022-09-05,27.208333333333332,88.33333333333333,221.73749999999998,34.09583333333333,76.2625,34.041666666666664,60.65416666666667,56.833333333333336,0.041666666666666664,1006.625,66.0,29.454166666666666,2.379166666666667,1.8466666666666667
2022-09-06,39.291666666666664,111.875,221.3083333333333,32.266666666666666,51.35,49.14166666666666,77.31666666666666,20.875,0.03125,1006.875,59.5,30.683333333333334,1.8875,2.10875
2022-09-07,60.416666666666664,155.79166666666666,226.0625,21.650000000000002,95.72083333333335,75.55,101.64166666666667,72.58333333333333,0.4791666666666667,1009.5833333333334,75.70833333333333,29.004166666666666,2.154166666666667,1.4558333333333333
2022-09-08,26.75,82.08333333333333,140.65833333333333,20.2375,41.875,33.4625,60.25,78.375,3.9166666666666665,1011.2916666666666,94.0,25.679166666666664,0.9708333333333333,1.8483333333333334
2022-09-09,28.06958333333333,85.91666666666667,134.67916666666667,25.22083333333333,30.958333333333332,36.18333333333333,69.66666666666667,67.20833333333333,1.125,1012.125,90.91666666666667,26.020833333333332,0.9708333333333333,1.0895833333333333
2022-09-10,46.583333333333336,125.08333333333333,152.89166666666668,23.058333333333334,59.291666666666664,58.25,52.775,72.29166666666667,0.041666666666666664,1010.7083333333334,83.91666666666667,27.229166666666668,1.0083333333333333,1.3870833333333332
2022-09-11,33.166666666666664,103.25,142.72916666666666,19.458333333333332,88.42916666666667,41.483333333333334,70.16666666666667,41.458333333333336,0.010416666666666666,1008.5416666666666,74.0,29.15833333333333,1.7791666666666668,1.175
2022-09-12,36.625,106.5,211.90416666666667,42.012499999999996,71.14166666666667,45.79583333333333,68.85000000000001,45.958333333333336,0.0,1007.7083333333334,71.54166666666667,29.712500000000002,1.4124999999999999,1.5175
2022-09-13,55.916666666666664,141.91666666666666,254.525,32.125,105.80416666666667,69.92083333333333,99.92916666666667,53.75,0.052083333333333336,1007.8333333333334,74.04166666666667,29.962500000000002,1.4166666666666667,1.2895833333333333
2022-09-14,66.58333333333333,161.875,221.6916666666667,20.1125,128.44583333333333,83.25833333333334,102.0,50.625,0.1875,1007.5,74.66666666666667,29.854166666666668,2.4291666666666667,1.3845833333333335
2022-09-15,45.25,124.41666666666667,183.52083333333334,20.791666666666668,79.20833333333333,56.59166666666667,85.625,49.541666666666664,0.13541666666666666,1004.6666666666666,75.875,30.03333333333333,1.7,1.9195833333333334
2022-09-16,35.083333333333336,100.75,197.21666666666667,33.416666666666664,43.041666666666664,43.86666666666667,94.6375,72.08333333333333,0.59375,1002.75,84.33333333333333,29.03333333333333,0.9541666666666666,2.262916666666667
2022-09-17,40.166666666666664,110.29166666666667,141.04999999999998,21.929166666666664,56.97083333333333,50.23333333333333,74.05833333333334,62.083333333333336,0.3854166666666667,1004.7916666666666,84.08333333333333,28.070833333333336,1.0333333333333334,1.5033333333333332
2022-09-18,62.875,144.875,185.22916666666666,23.429166666666664,85.33333333333333,78.62083333333334,103.23333333333333,29.541666666666668,0.0,1005.5416666666666,75.20833333333333,29.758333333333336,1.9958333333333333,1.60375
2022-09-19,38.916666666666664,109.5,229.32500000000002,42.125,67.66666666666667,50.512499999999996,95.07083333333333,56.083333333333336,0.0,1005.0,76.20833333333333,30.45,2.3666666666666667,1.8879166666666667
2022-09-20,46.0,125.70833333333333,223.32500000000002,43.82083333333333,62.34583333333333,57.52916666666667,89.92916666666667,47.833333333333336,0.0,1005.4166666666666,80.375,28.891666666666666,1.5208333333333333,1.5695833333333333
2022-09-21,39.916666666666664,111.91666666666667,171.9,29.083333333333332,70.7375,49.916666666666664,34.487500000000004,58.958333333333336,0.59375,1007.5,87.0,27.233333333333334,1.1666666666666667,0.7008333333333333
2022-09-22,26.291666666666668,81.41666666666667,162.625,22.9875,73.47083333333333,35.333333333333336,54.90416666666667,57.583333333333336,0.125,1008.2916666666666,86.95833333333333,27.291666666666668,1.0791666666666666,1.2425
2022-09-23,34.291666666666664,98.70833333333333,152.02916666666667,18.650000000000002,77.125,42.887499999999996,45.56666666666666,73.16666666666667,0.6145833333333334,1009.0,79.79166666666667,27.5625,1.366666666666667,2.595833333333333
2022-09-24,40.791666666666664,113.20833333333333,155.73749999999998,13.612499999999999,102.66666666666667,51.01666666666666,56.26666666666667,75.0,0.16666666666666666,1009.125,84.125,26.329166666666666,1.0166666666666666,2.122916666666667
2022-09-25,40.166666666666664,114.70833333333333,210.01250000000002,27.083333333333332,99.35000000000001,50.225,58.65,62.583333333333336,0.020833333333333332,1009.875,82.91666666666667,26.3125,1.0875000000000001,1.7341666666666666
2022-09-26,49.75,132.45833333333334,339.3958333333333,40.0,81.72083333333333,62.2125,72.41666666666667,24.916666666666668,0.0,1008.5,79.20833333333333,27.90833333333333,2.2624999999999997,1.3041666666666667
2022-09-27,71.54166666666667,169.08333333333334,307.22499999999997,41.166666666666664,73.72083333333333,89.45416666666667,71.70833333333333,40.083333333333336,0.0,1007.0,78.04166666666667,29.170833333333334,1.1875,1.6383333333333334
2022-09-28,67.125,164.04166666666666,185.05416666666667,22.375,70.85000000000001,83.92916666666666,49.19583333333333,71.16666666666667,1.4479166666666667,1006.375,86.04166666666667,26.745833333333334,0.8666666666666667,2.105
2022-09-29,40.708333333333336,114.79166666666667,133.23333333333332,26.3625,40.4,50.912499999999994,33.0,62.625,0.3645833333333333,1006.2916666666666,90.125,26.037499999999998,0.8666666666666667,2.1125000000000003
2022-09-30,25.860833333333332,80.41666666666667,152.225,29.625,39.708333333333336,32.762499999999996,38.40416666666667,85.16666666666667,0.7916666666666666,1008.125,91.33333333333333,26.583333333333332,0.8583333333333334,2.2333333333333334
2022-10-01,21.597083333333334,70.66666666666667,142.05833333333334,33.84583333333333,19.391666666666666,30.445833333333336,37.137499999999996,77.5,0.46875,1009.375,94.0,26.208333333333332,0.8541666666666666,2.6875
2022-10-02,25.208333333333332,79.0,204.275,31.2375,26.108333333333334,36.59583333333333,46.25,54.083333333333336,0.3854166666666667,1008.5833333333334,93.66666666666667,26.916666666666668,0.8875000000000001,2.725
2022-10-03,31.902916666666666,94.54166666666667,230.63750000000002,36.083333333333336,27.3625,46.083333333333336,57.637499999999996,13.375,0.0,1010.4583333333334,85.875,27.791666666666668,1.8333333333333333,1.8833333333333335
2022-10-04,35.59708333333334,102.91666666666667,240.70000000000002,39.458333333333336,33.387499999999996,51.69583333333333,58.05833333333334,52.125,0.4375,1012.375,81.5,27.691666666666666,1.7583333333333335,1.5029166666666667
2022-10-05,39.75,110.79166666666667,220.65,39.5,52.612500000000004,58.887499999999996,67.85833333333333,39.833333333333336,0.0,1011.9583333333334,77.91666666666667,28.116666666666664,2.1625,1.6983333333333333
2022-10-06,56.84708333333333,141.29166666666666,292.17083333333335,43.59583333333333,39.958333333333336,84.04166666666667,86.83333333333333,41.958333333333336,0.3854166666666667,1012.2083333333334,85.75,26.84583333333333,1.8125,1.31625
2022-10-07,40.972500000000004,112.41666666666667,167.8375,32.0,49.42916666666667,60.125,70.625,49.375,0.052083333333333336,1012.6666666666666,85.41666666666667,26.520833333333332,1.5374999999999999,1.3704166666666666
2022-10-08,40.458333333333336,114.125,162.39166666666668,21.25,72.375,58.44583333333333,77.29166666666667,61.708333333333336,0.0,1013.0416666666666,84.125,26.541666666666668,0.9249999999999999,1.4904166666666667
2022-10-09,26.13875,81.16666666666667,128.1625,13.75,65.94583333333334,38.166666666666664,45.362500000000004,84.79166666666667,0.20833333333333334,1015.625,76.91666666666667,25.516666666666666,0.8541666666666666,2.69
2022-10-10,20.902916666666666,69.33333333333333,100.41666666666667,12.595833333333333,63.15416666666667,30.429166666666664,37.52916666666667,67.79166666666667,0.10416666666666667,1019.0,54.583333333333336,23.775000000000002,1.2249999999999999,2.3591666666666664
2022-10-11,29.041666666666668,87.33333333333333,148.38333333333335,22.391666666666666,54.916666666666664,41.55416666666667,52.98333333333333,40.541666666666664,0.14583333333333334,1016.25,55.833333333333336,24.104166666666668,2.5625,1.6254166666666665
2022-10-12,42.56916666666667,114.95833333333333,273.3833333333333,37.708333333333336,44.72083333333333,60.975,85.3625,52.875,0.041666666666666664,1014.5,55.791666666666664,24.925,2.558333333333333,1.2391666666666667
2022-10-13,48.666666666666664,128.70833333333334,337.10833333333335,46.10833333333333,45.84583333333333,69.81666666666666,92.66666666666667,60.5,0.041666666666666664,1013.3333333333334,60.333333333333336,24.75,1.9916666666666665,1.515
2022-10-14,36.972500000000004,105.375,233.73333333333335,35.237500000000004,49.90416666666667,52.85,63.19583333333333,65.66666666666667,0.0,1011.4166666666666,56.791666666666664,25.291666666666668,1.0625,2.61625
2022-10-15,35.61083333333333,102.125,173.98749999999998,20.875,66.32083333333334,51.125,70.94166666666666,57.125,0.020833333333333332,1011.4166666666666,57.083333333333336,25.775000000000002,0.9333333333333335,2.5466666666666664
2022-10-16,43.041666666666664,117.83333333333333,162.46666666666667,20.779166666666665,62.47083333333333,61.94166666666666,70.51666666666667,26.041666666666668,0.0,1012.9583333333334,57.958333333333336,26.1125,2.4666666666666663,2.4945833333333334
2022-10-17,35.708333333333336,103.0,143.225,17.429166666666667,55.34583333333333,51.166666666666664,61.56666666666666,20.083333333333332,0.0,1012.5,54.416666666666664,26.724999999999998,2.154166666666667,2.34625
2022-10-18,41.5,116.41666666666667,173.47916666666666,22.22083333333333,68.51666666666667,60.612500000000004,71.52916666666667,30.208333333333332,0.0,1013.8333333333334,52.375,26.162499999999998,1.7583333333333335,2.8037500000000004
2022-10-19,35.73625,101.58333333333333,169.8375,24.224999999999998,64.22083333333333,51.112500000000004,59.208333333333336,91.625,1.5,1015.375,59.833333333333336,22.170833333333334,0.8083333333333332,2.7383333333333333
2022-10-20,26.458333333333332,81.25,137.625,21.483333333333334,52.737500000000004,38.0,25.65416666666667,100.0,0.5729166666666666,1017.0,93.45833333333333,17.3625,0.7541666666666668,2.5341666666666667
2022-10-21,32.25,93.75,175.60833333333335,28.945833333333336,39.333333333333336,47.60833333333333,33.56666666666667,85.625,0.0,1017.5,93.04166666666667,19.933333333333334,0.7708333333333334,1.8245833333333332
2022-10-22,41.01375,109.16666666666667,329.0625,37.42916666666667,30.679166666666664,59.475,55.666666666666664,59.208333333333336,0.0625,1015.5,76.54166666666667,25.425,2.2375000000000003,2.4154166666666668
2022-10-23,54.916666666666664,139.125,413.75416666666666,43.237500000000004,24.75,78.98333333333333,77.10000000000001,55.041666666666664,0.0,1013.6666666666666,69.70833333333333,27.695833333333336,2.066666666666667,1.5374999999999999
2022-10-24,74.3475,175.20833333333334,419.8625,53.47083333333333,43.958333333333336,107.26666666666667,117.34583333333335,71.5,0.0,1012.8333333333334,70.54166666666667,27.537499999999998,2.0375,1.865
2022-10-25,84.6525,188.25,369.0916666666667,63.64166666666667,65.5125,126.29166666666667,144.09583333333333,98.29166666666667,0.020833333333333332,1015.0,87.33333333333333,24.787499999999998,0.9083333333333333,1.88875
2022-10-26,48.791666666666664,123.83333333333333,225.23333333333335,47.025,52.89166666666667,76.5125,89.19583333333333,92.08333333333333,0.0,1014.0416666666666,85.25,25.0625,0.8083333333333332,1.7208333333333332
2022-10-27,33.944583333333334,98.375,189.67083333333335,40.112500000000004,52.291666666666664,52.083333333333336,72.54166666666667,77.375,0.0,1013.4166666666666,79.91666666666667,26.354166666666668,1.425,1.4416666666666667
2022-10-28,60.041666666666664,151.54166666666666,334.25,62.92916666666667,55.958333333333336,85.89999999999999,110.02916666666665,69.125,0.0,1013.75,71.70833333333333,26.391666666666666,1.5541666666666665,1.3033333333333335
2022-10-29,80.58333333333333,183.41666666666666,478.3125,70.43333333333334,53.637499999999996,100.75,108.94166666666666,58.958333333333336,0.0,1013.625,77.83333333333333,25.7,1.7541666666666667,1.5366666666666668
2022-10-30,76.58333333333333,174.66666666666666,446.4291666666666,49.083333333333336,41.237500000000004,95.75,62.15416666666667,41.25,0.0,1012.5416666666666,73.33333333333333,26.079166666666666,1.5875000000000001,2.09625
2022-10-31,31.958333333333332,92.58333333333333,181.8083333333333,21.8875,56.708333333333336,39.975,23.4875,32.583333333333336,0.0,1013.2916666666666,52.833333333333336,26.337500000000002,1.2916666666666667,2.73375
2022-11-01,33.25,94.95833333333333,282.1458333333333,28.9875,40.875,41.5875,34.983333333333334,14.583333333333334,0.0,1012.9166666666666,56.166666666666664,24.2,0.7333333333333334,2.2470833333333333
2022-11-02,60.208333333333336,147.58333333333334,434.69166666666666,48.833333333333336,53.06666666666666,75.28750000000001,71.45833333333333,12.166666666666666,0.0,1010.5416666666666,62.458333333333336,22.925,2.0833333333333335,0.9254166666666667
2022-11-03,96.875,192.66666666666666,299.7916666666667,45.137499999999996,44.666666666666664,121.11666666666667,94.15416666666665,49.333333333333336,0.0,1011.9583333333334,67.0,23.133333333333336,1.3541666666666667,2.052916666666667
2022-11-04,83.83333333333333,178.70833333333334,272.0625,42.94583333333333,54.25,104.80833333333334,74.0,56.083333333333336,0.0,1014.9166666666666,66.54166666666667,24.254166666666666,1.4541666666666666,1.6975
2022-11-05,75.0,162.04166666666666,257.0,36.012499999999996,50.5,93.77499999999999,114.41666666666667,30.083333333333332,0.0,1016.8333333333334,69.33333333333333,24.3625,1.9791666666666667,1.3620833333333333
2022-11-06,73.79166666666667,172.54166666666666,401.6541666666667,56.262499999999996,57.6,92.62083333333334,120.94583333333333,56.166666666666664,0.0,1016.4583333333334,73.625,23.858333333333334,1.9333333333333333,1.28125
2022-11-07,78.5,179.41666666666666,354.825,56.725,68.77499999999999,98.15416666666665,126.34583333333335,67.25,0.0,1015.2083333333334,77.33333333333333,23.77916666666667,0.875,0.9779166666666667
2022-11-08,94.54166666666667,202.0,287.07916666666665,51.09583333333333,71.85000000000001,118.20416666666667,129.40416666666667,65.20833333333333,0.0,1015.7916666666666,77.75,24.275000000000002,1.6791666666666665,1.3108333333333333
2022-11-09,80.83333333333333,169.33333333333334,265.45416666666665,48.333333333333336,74.79166666666667,101.06666666666666,127.59583333333335,49.083333333333336,0.0,1015.375,76.91666666666667,24.554166666666664,1.5583333333333333,1.875
2022-11-10,65.04166666666667,152.29166666666666,229.82083333333333,49.84583333333333,45.05416666666667,81.325,101.94583333333333,76.5,0.0,1014.5833333333334,85.70833333333333,24.325,0.6416666666666667,1.345
2022-11-11,49.0,132.125,205.19583333333333,42.77916666666667,55.17916666666667,61.275,93.10833333333333,67.54166666666667,0.0,1013.7083333333334,84.625,25.537499999999998,1.0125,2.2475
2022-11-12,41.583333333333336,115.75,172.48749999999998,35.94583333333333,51.166666666666664,52.42916666666667,72.35000000000001,58.958333333333336,0.0,1012.5833333333334,78.79166666666667,26.40833333333333,0.9333333333333335,2.3725
2022-11-13,50.333333333333336,132.79166666666666,173.9958333333333,35.887499999999996,45.40416666666667,62.9375,70.25,82.25,0.0,1013.4166666666666,84.33333333333333,25.141666666666666,0.9500000000000001,1.8745833333333335
2022-11-14,47.708333333333336,127.625,308.1958333333333,47.333333333333336,28.97083333333333,59.65,103.05416666666667,63.291666666666664,0.0,1013.6666666666666,83.375,25.483333333333334,1.0125,1.3341666666666667
2022-11-15,41.333333333333336,114.375,236.35416666666666,43.612500000000004,41.82083333333333,51.69166666666666,98.1375,77.95833333333333,0.0,1012.2916666666666,84.875,25.820833333333336,1.3333333333333333,1.9575000000000002
2022-11-16,34.375,98.41666666666667,141.91666666666666,30.0125,50.112500000000004,42.99166666666667,62.0,54.25,0.0,1010.5,81.04166666666667,26.983333333333334,1.4416666666666667,2.2616666666666667
2022-11-17,24.625,77.41666666666667,133.32083333333333,28.929166666666664,45.92916666666667,30.808333333333334,64.94583333333334,46.25,0.0,1010.25,82.29166666666667,27.070833333333336,1.5833333333333333,2.6374999999999997
2022-11-18,27.458333333333332,83.95833333333333,139.1875,29.974999999999998,51.32083333333333,34.34583333333333,68.97083333333333,44.958333333333336,0.0,1011.375,83.70833333333333,27.333333333333332,1.1916666666666667,2.2345833333333336
2022-11-19,33.041666666666664,96.58333333333333,137.00833333333333,26.7625,44.166666666666664,41.50833333333333,50.15416666666667,82.25,0.0,1012.3333333333334,82.75,26.445833333333336,1.3958333333333333,2.1358333333333333
2022-11-20,44.0,118.45833333333333,203.47916666666666,30.5,46.637499999999996,55.02916666666667,77.40416666666667,69.29166666666667,0.010416666666666666,1011.7083333333334,77.08333333333333,25.766666666666666,1.375,1.83125
2022-11-21,62.166666666666664,155.45833333333334,316.59166666666664,52.72083333333333,51.42916666666667,77.7375,122.92916666666667,63.625,0.0,1010.3333333333334,72.79166666666667,25.754166666666666,0.6833333333333332,1.6137500000000002
2022-11-22,74.79166666666667,174.16666666666666,261.45416666666665,44.583333333333336,35.94583333333333,93.51666666666667,74.91666666666667,88.20833333333333,0.0,1010.0416666666666,74.125,25.633333333333336,0.9333333333333332,1.7641666666666669
2022-11-23,61.763749999999995,152.41666666666666,177.6,29.308333333333334,29.070833333333336,77.67916666666666,83.16666666666667,93.45833333333333,0.0,1010.625,75.95833333333333,26.416666666666668,0.5875,1.75125
2022-11-24,35.25,97.58333333333333,192.475,27.983333333333334,20.804166666666667,44.0875,53.041666666666664,99.79166666666667,0.052083333333333336,1012.2916666666666,89.08333333333333,22.9375,0.5833333333333334,3.109583333333333
2022-11-25,38.083333333333336,108.25,220.6916666666667,34.333333333333336,32.02916666666667,47.62916666666666,60.291666666666664,100.0,0.09375,1013.0416666666666,89.58333333333333,23.575,0.5791666666666667,1.5179166666666666
2022-11-26,43.458333333333336,120.58333333333333,165.48749999999998,37.737500000000004,18.25,54.34583333333333,61.22083333333333,99.625,0.0,1011.25,92.375,24.020833333333332,0.5750000000000001,1.495
2022-11-27,25.25,78.75,126.94166666666666,28.929166666666664,29.7625,31.583333333333332,52.93333333333334,55.25,0.041666666666666664,1007.5,81.91666666666667,26.78333333333333,1.0833333333333333,2.129166666666667
2022-11-28,23.25,74.33333333333333,129.8125,29.0,41.666666666666664,29.087500000000002,62.4,53.5,0.0,1006.9583333333334,83.83333333333333,27.5625,1.3833333333333335,2.47375
2022-11-29,27.041666666666668,82.5,148.84583333333333,33.32083333333333,37.44583333333333,33.824999999999996,64.25,54.208333333333336,0.0,1008.375,83.45833333333333,27.625,1.1666666666666667,2.1091666666666664
2022-11-30,21.0,69.375,149.0,18.970833333333335,26.2625,26.266666666666666,38.291666666666664,71.375,0.0,1012.0416666666666,83.83333333333333,26.3875,0.7833333333333333,2.60875
2022-12-01,18.208333333333332,61.958333333333336,135.18333333333334,14.404166666666667,22.083333333333332,22.78333333333333,30.195833333333336,100.0,0.010416666666666666,1018.5833333333334,78.58333333333333,15.779166666666667,0.5666666666666667,2.401666666666667
2022-12-02,22.083333333333332,71.66666666666667,219.45833333333334,23.083333333333332,30.1375,27.929166666666664,49.5,77.45833333333333,0.010416666666666666,1019.25,65.33333333333333,15.6,0.6749999999999999,2.122916666666667
2022-12-03,40.833333333333336,112.33333333333333,261.8666666666667,37.07083333333333,22.7375,51.06666666666666,82.0,95.54166666666667,0.0,1016.0416666666666,66.79166666666667,17.804166666666667,0.8916666666666666,1.6154166666666667
2022-12-04,31.833333333333332,91.5,173.71666666666667,20.916666666666668,20.945833333333333,39.82083333333333,53.208333333333336,100.0,0.0,1017.5416666666666,76.91666666666667,18.141666666666666,0.5625,2.13375
2022-12-05,22.166666666666668,71.79166666666667,247.6291666666667,22.291666666666668,39.06666666666667,27.733333333333334,53.887499999999996,94.20833333333333,0.0,1020.25,69.41666666666667,17.070833333333333,0.7000000000000001,2.1366666666666667
2022-12-06,59.333333333333336,146.70833333333334,349.10833333333335,43.84583333333333,55.975,74.1875,98.10000000000001,86.625,0.0,1017.9583333333334,58.0,17.141666666666666,1.4041666666666668,1.8454166666666667
2022-12-07,75.04166666666667,176.375,254.53333333333333,32.875,33.262499999999996,93.82916666666667,111.60833333333333,98.29166666666667,0.0,1017.5,68.20833333333333,17.5625,0.6083333333333333,1.4400000000000002
2022-12-08,48.166666666666664,133.70833333333334,210.78333333333333,23.041666666666668,27.166666666666668,60.229166666666664,72.70833333333333,100.0,0.0,1017.2083333333334,79.91666666666667,17.133333333333333,0.5625,1.5429166666666667
2022-12-09,53.625,141.75,218.0,22.1125,22.9875,67.05416666666666,55.89166666666667,100.0,0.0,1015.8333333333334,81.95833333333333,16.941666666666666,0.5625,1.6754166666666668
2022-12-10,49.0,131.54166666666666,285.55,32.47083333333333,24.166666666666668,61.26666666666667,66.8875,100.0,0.0,1015.4166666666666,91.16666666666667,16.008333333333333,0.5583333333333333,1.4091666666666667
2022-12-11,70.41666666666667,170.25,264.39166666666665,30.0125,47.166666666666664,88.05416666666667,98.66666666666667,96.66666666666667,0.0625,1016.5,69.20833333333333,18.2375,0.5666666666666667,0.9929166666666668
2022-12-12,77.25,177.08333333333334,333.40833333333336,28.349999999999998,73.41666666666667,96.58749999999999,130.79166666666666,74.25,0.08333333333333333,1018.5833333333334,61.666666666666664,18.325,1.2833333333333334,1.4979166666666668
2022-12-13,90.08333333333333,190.91666666666666,314.43333333333334,38.333333333333336,58.208333333333336,112.625,89.9875,63.5,0.0,1018.4583333333334,51.083333333333336,17.895833333333332,1.6208333333333333,1.90125
2022-12-14,86.66666666666667,178.375,199.6625,23.1375,73.34583333333333,109.02083333333333,87.08333333333333,75.54166666666667,0.0,1020.0,48.166666666666664,18.466666666666665,1.7166666666666668,2.1220833333333333
2022-12-15,111.70833333333333,208.58333333333334,342.1791666666666,47.67916666666667,55.42916666666667,139.66666666666666,125.83333333333333,25.5,0.0,1015.5833333333334,63.625,17.045833333333334,1.7708333333333333,1.18
2022-12-16,141.16666666666666,206.33333333333334,343.4041666666667,43.01666666666667,62.05833333333334,176.48333333333335,157.85833333333332,52.208333333333336,0.0,1015.75,67.08333333333333,18.650000000000002,1.75,1.00875
2022-12-17,64.375,153.25,164.26666666666668,8.637500000000001,77.64999999999999,80.49166666666666,92.22500000000001,96.58333333333333,0.0,1024.375,37.916666666666664,19.145833333333332,1.0416666666666667,2.955833333333333
2022-12-18,49.833333333333336,125.41666666666667,193.83333333333334,21.52916666666667,71.4875,62.30833333333333,71.6375,75.04166666666667,0.11458333333333333,1025.5,29.958333333333332,16.5125,1.0458333333333334,2.3158333333333334
2022-12-19,106.29166666666667,189.33333333333334,328.9291666666667,40.608333333333334,47.125,132.89166666666668,128.83333333333334,32.833333333333336,0.03125,1019.4583333333334,53.583333333333336,14.104166666666666,1.7041666666666666,1.7295833333333333
2022-12-20,120.66666666666667,192.0,374.00416666666666,47.57083333333333,48.55416666666667,150.87083333333334,121.5125,61.791666666666664,0.07291666666666667,1015.6666666666666,64.29166666666667,15.958333333333334,1.3166666666666667,1.1391666666666667
2022-12-21,94.70833333333333,180.41666666666666,339.84583333333336,30.77916666666667,64.69583333333334,118.40833333333335,94.89166666666667,71.375,0.0,1016.9583333333334,46.25,18.908333333333335,1.5541666666666665,1.70125
2022-12-22,112.33333333333333,209.04166666666666,459.575,47.67916666666667,49.09583333333333,140.45000000000002,124.44166666666666,78.45833333333333,0.0,1015.5,63.791666666666664,17.654166666666665,1.1333333333333333,1.4316666666666666
2022-12-23,69.20833333333333,157.66666666666666,1109.5291666666667,48.80416666666667,53.237500000000004,86.52916666666665,79.71249999999999,67.375,0.07291666666666667,1016.3333333333334,54.375,19.433333333333334,1.0833333333333333,1.615
2022-12-24,75.625,176.70833333333334,1624.2875000000001,38.00833333333333,65.58333333333333,94.55416666666667,20.845833333333335,42.125,0.052083333333333336,1018.9166666666666,53.333333333333336,19.320833333333333,1.3416666666666668,1.3595833333333334
2022-12-25,79.75,159.04166666666666,1341.9750000000001,25.558333333333334,65.35,99.72083333333335,16.679166666666667,39.625,0.0,1018.7916666666666,69.5,18.425,1.5374999999999999,1.5225
2022-12-26,105.91666666666667,206.58333333333334,1226.2041666666667,36.44166666666667,40.62916666666667,132.42916666666667,20.787499999999998,76.79166666666667,0.0,1019.25,77.91666666666667,17.849999999999998,0.5499999999999999,1.0508333333333333
2022-12-27,60.958333333333336,150.91666666666666,783.1333333333333,26.925,70.91666666666667,76.22500000000001,20.400000000000002,98.33333333333333,0.0,1018.625,80.91666666666667,19.245833333333334,0.6375000000000001,1.47875
2022-12-28,45.944583333333334,121.83333333333333,486.9791666666667,19.595833333333335,57.11666666666667,57.458333333333336,63.01666666666667,100.0,0.0625,1020.9166666666666,86.66666666666667,15.370833333333332,0.5375,2.5695833333333336
2022-12-29,36.875,105.20833333333333,200.875,9.858333333333333,67.32083333333334,46.11666666666667,61.291666666666664,100.0,0.0,1024.9583333333333,64.16666666666667,13.733333333333334,0.5625,2.595
2022-12-30,46.388749999999995,123.0,207.17916666666667,16.695833333333333,56.73333333333333,58.59583333333333,70.26666666666667,89.625,0.0,1025.9166666666667,63.958333333333336,14.420833333333333,0.6708333333333334,2.13625
2022-12-31,65.0,162.5,237.48749999999998,18.333333333333332,53.291666666666664,81.26666666666667,97.375,96.29166666666667,0.0,1024.4583333333333,64.5,15.666666666666666,0.6708333333333334,1.3570833333333334
2023-01-01,71.54166666666667,170.5,308.09166666666664,36.72083333333333,51.708333333333336,89.45416666666667,107.20833333333333,68.625,0.25,1022.2916666666666,67.29166666666667,17.0125,1.6583333333333332,1.1258333333333332
2023-01-02,90.375,195.75,390.7583333333334,47.35,39.15416666666667,112.99583333333334,132.23333333333332,100.0,0.0,1022.8333333333334,70.125,18.400000000000002,0.5499999999999999,1.6091666666666666
2023-01-03,65.91666666666667,161.0,255.15833333333333,21.791666666666668,47.69583333333333,82.40833333333333,55.64166666666667,95.0,0.0,1023.4166666666666,72.04166666666667,17.804166666666667,0.6291666666666667,1.5120833333333332
2023-01-04,97.16666666666667,193.75,369.03749999999997,43.31666666666666,30.916666666666668,121.47916666666667,126.52499999999999,88.79166666666667,0.0,1021.0833333333334,76.91666666666667,18.474999999999998,0.8791666666666668,1.0570833333333334
2023-01-05,72.5,171.83333333333334,569.9625,59.541666666666664,28.416666666666668,90.6375,139.15416666666667,98.29166666666667,0.0,1021.6666666666666,78.70833333333333,19.283333333333335,0.5750000000000001,1.3070833333333334
2023-01-06,50.833333333333336,136.79166666666666,281.5708333333333,24.666666666666668,60.22083333333333,63.56666666666666,57.09583333333333,83.79166666666667,0.0,1023.375,57.708333333333336,20.370833333333334,1.5625,2.37
2023-01-07,73.45833333333333,172.625,368.675,47.375,50.137499999999996,91.84583333333335,76.40416666666667,80.5,0.0,1019.6666666666666,57.208333333333336,18.525000000000002,1.2208333333333334,1.0925
2023-01-08,115.625,219.33333333333334,536.5,76.41666666666667,40.43333333333333,144.55833333333334,192.34583333333333,77.0,0.2916666666666667,1017.7083333333334,68.875,18.954166666666666,1.3166666666666667,0.92125
2023-01-09,114.16666666666667,199.58333333333334,484.9041666666667,54.237500000000004,65.08333333333333,142.73749999999998,184.91666666666666,93.33333333333333,0.010416666666666666,1017.625,78.875,20.408333333333335,1.2083333333333333,1.6941666666666668
2023-01-10,113.47208333333333,199.70833333333334,506.70416666666665,54.708333333333336,40.34583333333333,142.975,184.04166666666666,100.0,0.0,1016.625,89.625,19.970833333333335,0.5875,1.2874999999999999
2023-01-11,66.23625,160.79166666666666,430.70416666666665,59.69583333333333,26.4875,83.3125,127.43333333333334,100.0,0.0,1014.0416666666666,90.125,19.650000000000002,0.5750000000000001,1.3654166666666667
2023-01-12,37.166666666666664,106.58333333333333,433.55833333333334,59.0,42.708333333333336,46.487500000000004,128.56666666666666,82.5,0.0,1010.625,85.95833333333333,20.895833333333332,0.7000000000000001,1.7675
2023-01-13,44.75,121.66666666666667,276.02916666666664,43.69166666666666,60.275,55.958333333333336,81.77916666666667,60.666666666666664,0.0,1007.1666666666666,81.875,23.125,1.3333333333333333,1.40125
2023-01-14,76.75,163.66666666666666,313.4375,48.975,63.02916666666667,95.95833333333333,93.65416666666665,55.5,0.0,1004.8333333333334,74.95833333333333,24.191666666666666,1.7249999999999999,1.2883333333333333
2023-01-15,49.291666666666664,130.125,238.72916666666666,16.0125,45.67916666666667,61.637499999999996,61.10833333333333,95.08333333333333,0.0,1011.5416666666666,73.70833333333333,20.3125,0.6958333333333333,2.595833333333333
2023-01-16,32.875,96.70833333333333,194.92916666666667,13.554166666666667,51.80833333333334,41.125,80.91666666666667,98.29166666666667,0.0,1020.375,49.375,14.108333333333334,0.6666666666666666,2.36
2023-01-17,53.291666666666664,141.58333333333334,161.30416666666667,9.933333333333334,48.73333333333333,66.63333333333334,66.45833333333333,100.0,0.0,1022.625,62.083333333333336,13.016666666666666,0.9208333333333334,1.7562499999999999
2023-01-18,57.791666666666664,148.54166666666666,186.29583333333335,13.541666666666666,51.987500000000004,72.2625,68.30833333333334,100.0,0.0,1023.6666666666666,57.625,14.612499999999999,0.7458333333333332,1.45875
2023-01-19,89.33333333333333,195.0,212.5041666666667,16.970833333333335,52.84583333333333,111.6875,86.44166666666666,100.0,0.0,1021.9166666666666,64.125,15.316666666666668,0.7291666666666666,1.3170833333333334
2023-01-20,111.375,224.375,242.54583333333335,21.75,55.725,139.24583333333334,95.68333333333334,96.79166666666667,0.0,1020.7083333333334,73.79166666666667,15.483333333333334,0.8333333333333334,0.9454166666666667
2023-01-21,128.20833333333334,201.75,333.39166666666665,35.012499999999996,66.85833333333333,160.2875,120.94166666666666,85.45833333333333,0.0,1016.3333333333334,69.66666666666667,17.895833333333332,0.8875000000000001,1.70875
2023-01-22,126.91666666666667,233.41666666666666,416.45416666666665,52.708333333333336,49.94583333333333,158.67083333333332,114.25,95.91666666666667,0.0,1013.6666666666666,84.375,17.5,0.6625,1.1199999999999999
2023-01-23,85.33333333333333,176.41666666666666,317.7583333333333,38.362500000000004,53.52916666666667,106.69583333333333,83.80833333333334,98.29166666666667,0.0,1014.125,83.66666666666667,19.95,0.7708333333333334,1.52625
2023-01-24,37.083333333333336,105.79166666666667,231.77083333333334,18.654166666666665,68.80416666666666,46.37083333333334,68.09583333333333,73.20833333333333,0.0,1024.0833333333333,45.875,17.320833333333333,1.0625,2.6233333333333335
2023-01-25,60.458333333333336,155.08333333333334,255.67499999999998,25.416666666666668,82.6375,75.59166666666667,91.6125,28.791666666666668,0.0,1019.9583333333334,52.583333333333336,14.549999999999999,1.8666666666666665,1.9729166666666667
2023-01-26,75.58333333333333,176.79166666666666,263.0541666666667,29.458333333333332,72.45833333333333,94.4875,72.47083333333333,95.20833333333333,0.0,1015.5416666666666,83.41666666666667,15.454166666666666,0.65,1.1416666666666666
2023-01-27,61.666666666666664,156.5,205.975,15.15,60.625,77.46249999999999,64.92916666666666,96.70833333333333,0.0,1022.75,59.958333333333336,15.383333333333333,0.6708333333333334,2.205833333333333
2023-01-28,58.34708333333333,146.875,305.90000000000003,26.75,73.2375,73.68333333333334,88.10000000000001,76.08333333333333,0.0,1023.1666666666666,34.416666666666664,15.225,1.9458333333333335,1.7204166666666667
2023-01-29,81.375,179.08333333333334,356.35833333333335,44.791666666666664,57.375,101.74583333333334,81.8875,67.04166666666667,0.0,1023.0416666666666,54.0,13.9625,1.9708333333333332,1.0033333333333332
2023-01-30,114.16666666666667,217.5,552.475,70.80833333333334,77.33333333333333,142.74166666666667,124.16666666666667,29.875,0.020833333333333332,1020.2916666666666,64.04166666666667,14.545833333333334,2.0208333333333335,1.4466666666666665
2023-01-31,73.04166666666667,172.125,266.25,31.708333333333332,73.5,91.32083333333333,96.67916666666667,27.333333333333332,0.0,1013.875,62.333333333333336,16.704166666666666,2.025,1.3004166666666668
2023-02-01,62.041666666666664,156.45833333333334,266.5125,27.041666666666668,86.9875,77.575,94.65416666666665,76.25,0.0,1011.5833333333334,75.33333333333333,18.191666666666666,1.0958333333333334,1.6508333333333332
2023-02-02,76.83333333333333,172.79166666666666,343.75416666666666,35.137499999999996,41.275,96.06666666666666,105.3625,100.0,0.21875,1014.25,85.125,20.787499999999998,0.6333333333333333,1.1929166666666666
2023-02-03,37.5,107.70833333333333,377.9375,44.387499999999996,27.849999999999998,46.89166666666667,94.70833333333333,100.0,0.0,1014.25,93.125,20.479166666666668,0.6416666666666667,1.0641666666666667
2023-02-04,34.541666666666664,100.25,249.85416666666666,31.933333333333334,36.358333333333334,43.199999999999996,77.375,100.0,0.041666666666666664,1011.875,93.0,20.429166666666667,0.65,1.9120833333333334
2023-02-05,25.083333333333332,78.375,255.8791666666667,31.025000000000002,43.14166666666667,31.370833333333334,78.35833333333333,93.66666666666667,0.0625,1010.5833333333334,93.04166666666667,20.904166666666665,0.65,2.4845833333333336
2023-02-06,28.708333333333332,87.04166666666667,263.5625,37.391666666666666,31.541666666666668,35.920833333333334,78.20833333333333,100.0,0.0,1009.8333333333334,94.08333333333333,20.2,0.6625,2.00375
2023-02-07,25.75,80.20833333333333,219.6625,30.941666666666666,36.92916666666667,32.208333333333336,64.18333333333334,100.0,0.0,1010.625,95.875,20.491666666666667,0.6625,1.9983333333333333
2023-02-08,21.958333333333332,71.75,135.025,26.041666666666668,30.833333333333332,27.46666666666667,55.19166666666666,100.0,0.020833333333333332,1010.5416666666666,94.33333333333333,20.974999999999998,0.6708333333333334,1.8870833333333332
2023-02-09,25.125,78.45833333333333,120.41666666666667,27.7375,22.77916666666667,31.4375,59.475,100.0,0.03125,1011.0416666666666,94.54166666666667,22.116666666666664,0.7000000000000001,1.9749999999999999
2023-02-10,28.666666666666668,86.45833333333333,121.93333333333334,26.97083333333333,30.47083333333333,35.858333333333334,57.97083333333333,100.0,0.13541666666666666,1010.2916666666666,93.04166666666667,22.454166666666666,0.7083333333333334,1.6595833333333332
2023-02-11,33.958333333333336,99.41666666666667,111.41250000000001,21.195833333333333,36.84583333333333,42.479166666666664,43.887499999999996,91.75,0.0,1007.5,91.04166666666667,23.683333333333334,0.9708333333333333,3.095416666666667
2023-02-12,41.541666666666664,117.79166666666667,151.42083333333332,22.554166666666664,75.58333333333333,51.94583333333333,51.90416666666667,84.20833333333333,0.0,1006.9166666666666,88.79166666666667,24.304166666666664,1.7750000000000001,2.387916666666667
2023-02-13,41.5,116.125,153.9,19.9875,63.35,51.895833333333336,50.0,80.95833333333333,0.10416666666666667,1008.7916666666666,84.25,25.083333333333332,1.4083333333333332,1.9233333333333336
2023-02-14,38.583333333333336,109.5,189.36249999999998,11.25,48.762499999999996,48.25833333333333,28.3625,100.0,0.16666666666666666,1016.625,66.41666666666667,19.4875,0.7291666666666666,3.108333333333333
2023-02-15,43.625,122.33333333333333,192.54166666666666,15.333333333333334,58.0,54.5625,43.06666666666666,100.0,0.28125,1021.4166666666666,55.0,17.145833333333332,0.7000000000000001,1.8820833333333333
2023-02-16,65.06958333333334,161.79166666666666,297.62916666666666,32.59583333333333,49.32083333333333,81.35833333333333,84.80833333333334,100.0,0.25,1022.2083333333334,65.41666666666667,17.008333333333333,0.7208333333333333,1.2954166666666667
2023-02-17,96.02791666666667,203.58333333333334,406.32916666666665,48.18333333333334,54.041666666666664,120.05833333333334,105.33333333333333,100.0,0.28125,1018.875,78.20833333333333,18.3625,0.7208333333333333,1.2083333333333333
2023-02-18,50.916666666666664,138.41666666666666,261.60833333333335,38.875,56.291666666666664,63.675000000000004,87.0,80.95833333333333,0.5833333333333334,1015.4583333333334,80.25,20.279166666666665,0.7374999999999999,1.4679166666666668
2023-02-19,76.0,172.83333333333334,270.6333333333333,31.25,45.09583333333333,95.02499999999999,50.416666666666664,89.54166666666667,0.7604166666666666,1017.75,82.5,20.733333333333334,0.7916666666666666,1.3591666666666666
2023-02-20,59.333333333333336,148.875,306.9375,29.650000000000002,75.875,74.18333333333334,66.20833333333333,88.08333333333333,0.0,1017.5,60.041666666666664,21.125,1.2416666666666667,1.4033333333333333
2023-02-21,66.45833333333333,164.33333333333334,339.45416666666665,29.708333333333332,100.95833333333333,83.09583333333333,113.73333333333333,92.0,0.09375,1018.4166666666666,73.58333333333333,20.675,0.9125000000000001,1.27875
2023-02-22,41.791666666666664,116.08333333333333,219.2541666666667,21.375,96.97083333333335,52.8125,71.35000000000001,81.20833333333333,0.0,1018.4166666666666,74.875,20.491666666666667,0.8833333333333333,1.35875
2023-02-23,42.75,119.54166666666667,189.77916666666667,30.391666666666666,61.225,53.458333333333336,72.66666666666667,86.08333333333333,0.28125,1015.4583333333334,80.66666666666667,20.445833333333333,0.7791666666666667,1.2983333333333333
2023-02-24,41.5,113.5,204.77083333333334,21.525000000000002,53.05416666666667,52.275,48.025,99.625,0.28125,1018.7083333333334,79.375,19.295833333333334,0.7374999999999999,2.0500000000000003
2023-02-25,36.083333333333336,102.125,208.76250000000002,20.558333333333334,72.1375,45.13333333333333,28.65416666666667,32.375,0.1875,1024.75,50.791666666666664,19.658333333333335,1.9291666666666665,2.1366666666666667
2023-02-26,61.125,154.875,246.90833333333333,30.691666666666666,70.75,76.42916666666666,68.52916666666667,23.333333333333332,0.125,1027.0416666666667,56.291666666666664,17.945833333333333,2.3958333333333335,1.6916666666666667
2023-02-27,77.79166666666667,179.33333333333334,312.65833333333336,48.19583333333333,64.05833333333334,97.27499999999999,72.19166666666666,44.791666666666664,0.010416666666666666,1024.25,59.75,18.604166666666668,2.2083333333333335,1.2254166666666666
2023-02-28,62.958333333333336,158.95833333333334,302.3,45.0,68.04166666666667,78.72500000000001,81.85000000000001,57.458333333333336,0.041666666666666664,1020.7916666666666,72.875,19.1375,1.1583333333333334,1.5925
2023-03-01,65.8475,159.16666666666666,246.96666666666667,44.291666666666664,38.47083333333333,83.15833333333333,77.70833333333333,79.58333333333333,0.03125,1020.4166666666666,85.91666666666667,19.116666666666667,0.7791666666666667,1.3812499999999999
2023-03-02,113.18041666666666,210.875,366.9916666666666,51.32083333333333,56.125,141.5,96.25,74.375,0.13541666666666666,1021.375,70.625,22.025000000000002,1.616666666666667,1.4645833333333333
2023-03-03,94.625,180.0,296.2416666666667,44.17916666666667,75.79166666666667,118.30416666666667,100.97083333333335,80.16666666666667,0.28125,1020.7916666666666,79.70833333333333,20.570833333333333,0.8791666666666668,2.0454166666666667
2023-03-04,64.95833333333333,160.66666666666666,385.09999999999997,47.125,68.8625,81.21249999999999,67.6375,95.125,0.09375,1022.9166666666666,70.58333333333333,21.045833333333334,0.9833333333333334,1.57625
2023-03-05,91.20833333333333,197.5,696.6958333333333,74.90416666666667,83.69166666666666,114.02916666666665,128.44583333333333,48.25,0.16666666666666666,1020.6666666666666,71.33333333333333,21.0,1.3416666666666668,1.7266666666666666
2023-03-06,75.40291666666667,175.66666666666666,265.3958333333333,27.679166666666664,94.3625,94.28333333333335,105.8875,54.458333333333336,0.08333333333333333,1017.9166666666666,74.25,21.641666666666666,1.2041666666666666,2.4983333333333335
2023-03-07,44.541666666666664,124.875,178.1208333333333,24.195833333333336,82.2375,55.7125,60.68333333333334,78.41666666666667,0.07291666666666667,1017.0416666666666,73.875,21.84166666666667,0.875,1.9870833333333333
2023-03-08,51.208333333333336,137.29166666666666,168.6,31.650000000000002,60.833333333333336,64.04166666666667,70.39999999999999,99.625,0.13541666666666666,1017.0833333333334,83.0,21.891666666666666,1.0250000000000001,2.0533333333333332
2023-03-09,83.125,186.91666666666666,327.025,53.225,46.31666666666666,103.93333333333334,92.45833333333333,67.45833333333333,0.21875,1016.625,76.08333333333333,23.712500000000002,1.4541666666666666,1.7291666666666667
2023-03-10,89.41666666666667,188.125,181.9375,31.5,66.68333333333334,111.79583333333333,79.7375,47.291666666666664,0.16666666666666666,1013.5,76.83333333333333,23.083333333333332,1.5083333333333335,2.1374999999999997
2023-03-11,58.416666666666664,150.58333333333334,160.78333333333333,29.47083333333333,55.916666666666664,73.04583333333333,64.33333333333333,82.41666666666667,0.0,1014.8333333333334,87.04166666666667,21.77916666666667,0.8624999999999999,1.7491666666666665
2023-03-12,66.33333333333333,161.04166666666666,209.01666666666665,29.40416666666667,67.97083333333333,82.94166666666666,78.79166666666667,79.45833333333333,0.15625,1017.3333333333334,75.29166666666667,23.208333333333332,0.9166666666666666,1.6645833333333335
2023-03-13,45.333333333333336,122.875,300.18333333333334,27.525000000000002,53.875,56.6875,63.916666666666664,81.375,0.08333333333333333,1020.0416666666666,56.791666666666664,20.070833333333333,0.8666666666666667,2.1095833333333336
2023-03-14,66.875,164.16666666666666,589.5958333333334,53.43333333333334,89.1375,83.62083333333332,142.34583333333333,62.333333333333336,0.041666666666666664,1012.9166666666666,66.83333333333333,20.833333333333332,1.9000000000000001,2.064583333333333
2023-03-15,63.583333333333336,157.66666666666666,204.09166666666667,33.262499999999996,63.166666666666664,79.51666666666667,73.94583333333334,88.54166666666667,0.13541666666666666,1013.0833333333334,84.83333333333333,21.7375,0.8833333333333333,1.8724999999999998
2023-03-16,26.027916666666666,80.41666666666667,156.45416666666668,30.09583333333333,59.07083333333333,34.6125,72.75,83.95833333333333,0.17708333333333334,1014.0416666666666,81.125,23.6375,0.9791666666666666,2.3870833333333334
2023-03-17,23.875,75.66666666666667,128.375,25.058333333333334,50.5,35.5,54.82083333333333,97.08333333333333,0.3125,1012.75,84.375,23.695833333333336,1.1500000000000001,2.374166666666667
2023-03-18,24.61125,77.25,123.03750000000001,26.2625,46.55416666666667,36.975,59.583333333333336,100.0,0.22916666666666666,1011.625,86.5,23.087500000000002,0.9249999999999999,2.2624999999999997
2023-03-19,22.097083333333334,71.91666666666667,112.54166666666667,27.97083333333333,37.333333333333336,33.06666666666667,59.65,90.625,0.20833333333333334,1009.9583333333334,80.95833333333333,24.129166666666666,0.9416666666666668,2.4841666666666664
2023-03-20,28.75,87.04166666666667,115.075,25.208333333333332,41.291666666666664,39.775,52.166666666666664,94.95833333333333,0.15625,1006.6666666666666,84.95833333333333,25.129166666666666,1.0291666666666666,2.87375
2023-03-21,46.5,125.625,185.66666666666666,35.94583333333333,66.15416666666667,61.35833333333333,70.45833333333333,95.16666666666667,0.11458333333333333,1004.1666666666666,84.125,26.287499999999998,0.9708333333333333,1.8754166666666665
2023-03-22,71.29166666666667,170.54166666666666,243.29166666666666,34.916666666666664,93.7625,89.14166666666667,63.0,63.958333333333336,0.1875,1001.875,78.91666666666667,27.9875,2.0749999999999997,2.262916666666667
2023-03-23,61.5,155.29166666666666,260.53749999999997,42.57083333333333,106.32083333333333,76.89166666666667,77.70833333333333,69.41666666666667,0.03125,1002.0833333333334,80.625,27.59583333333333,2.6083333333333334,1.8741666666666665
2023-03-24,63.625,157.91666666666666,168.63333333333333,25.541666666666668,81.91666666666667,79.55833333333332,72.32083333333334,92.5,0.3125,1004.5,83.95833333333333,26.558333333333334,2.558333333333333,2.74875
2023-03-25,46.375,125.625,175.8083333333333,25.09583333333333,55.791666666666664,57.98333333333333,44.875,100.0,0.03125,1007.9166666666666,89.29166666666667,24.90833333333333,1.025,2.62375
2023-03-26,29.708333333333332,89.25,173.77083333333334,18.279166666666665,53.875,37.170833333333334,33.791666666666664,100.0,0.041666666666666664,1010.375,86.25,19.595833333333335,0.9541666666666666,2.111666666666667
2023-03-27,22.916666666666668,73.29166666666667,158.57916666666668,15.887500000000001,51.05416666666667,28.675,32.34583333333333,98.29166666666667,0.0,1013.5833333333334,76.33333333333333,18.787499999999998,0.975,1.9841666666666666
2023-03-28,34.0,98.16666666666667,184.77916666666667,23.375,38.362500000000004,42.516666666666666,57.57083333333333,100.0,0.0,1015.1666666666666,71.375,19.054166666666667,0.9708333333333333,2.124166666666667
2023-03-29,31.458333333333332,92.95833333333333,255.85416666666666,28.791666666666668,33.94583333333333,39.34166666666667,62.791666666666664,98.29166666666667,0.22916666666666666,1013.4583333333334,78.25,19.6875,1.125,1.4475
2023-03-30,41.041666666666664,114.0,308.4875,38.09583333333333,31.191666666666666,51.324999999999996,77.66666666666667,100.0,0.15625,1011.25,82.66666666666667,19.2,0.9916666666666667,1.54875
2023-03-31,71.66666666666667,171.04166666666666,419.52500000000003,63.43333333333334,34.44583333333333,89.61666666666667,123.15416666666665,100.0,0.07291666666666667,1010.0416666666666,87.875,20.470833333333335,0.9791666666666666,1.1708333333333334
2023-04-01,50.208333333333336,130.70833333333334,339.72083333333336,60.208333333333336,26.4875,62.787499999999994,131.04166666666666,100.0,0.010416666666666666,1008.4583333333334,91.16666666666667,21.508333333333336,0.9916666666666667,1.3483333333333334
2023-04-02,32.291666666666664,94.91666666666667,171.3083333333333,38.525,36.97083333333333,40.387499999999996,60.887499999999996,98.29166666666667,0.0,1005.625,87.875,24.15833333333333,1.1791666666666667,1.6933333333333334
2023-04-03,32.5,95.83333333333333,190.42916666666667,33.27916666666667,81.95833333333333,40.65,62.791666666666664,84.29166666666667,0.0,1003.9583333333334,82.5,26.258333333333336,2.0916666666666663,1.9983333333333333
2023-04-04,47.583333333333336,128.54166666666666,212.6916666666667,35.67916666666667,95.8875,59.512499999999996,73.0125,77.91666666666667,0.0,1002.7083333333334,80.125,27.05,2.1458333333333335,2.137916666666667
2023-04-05,57.291666666666664,146.83333333333334,203.76250000000002,33.612500000000004,96.15416666666665,71.6375,92.33333333333333,82.66666666666667,0.0,1003.4583333333334,79.125,27.491666666666664,2.629166666666667,2.4125
2023-04-06,57.208333333333336,143.95833333333334,137.5625,19.1125,62.42916666666667,71.52916666666667,59.65416666666667,90.41666666666667,0.0,1007.0,79.41666666666667,27.616666666666664,1.6875,2.3591666666666664
2023-04-07,51.625,134.45833333333334,170.9375,24.59583333333333,52.862500000000004,64.55833333333332,73.69583333333334,97.16666666666667,0.0,1012.5416666666666,66.54166666666667,24.079166666666666,0.9958333333333332,1.5266666666666666
2023-04-08,50.708333333333336,135.375,163.03333333333333,23.583333333333332,50.362500000000004,63.416666666666664,83.60833333333333,96.41666666666667,0.010416666666666666,1017.625,74.375,20.720833333333335,0.9958333333333332,1.85875
2023-04-09,58.791666666666664,151.0,203.50833333333333,31.0,39.81666666666667,73.5125,88.875,99.625,0.0,1015.6666666666666,81.58333333333333,19.545833333333334,1.0125,1.43625
2023-04-10,69.79166666666667,167.79166666666666,286.9375,42.375,50.333333333333336,88.00416666666666,110.77916666666665,84.625,0.0,1010.6666666666666,89.54166666666667,20.854166666666668,1.125,1.3741666666666665
2023-04-11,59.458333333333336,150.20833333333334,289.79583333333335,48.458333333333336,48.291666666666664,74.35,95.2375,84.29166666666667,0.0,1008.0,88.58333333333333,22.825,1.125,1.0987500000000001
2023-04-12,44.958333333333336,124.08333333333333,190.98333333333332,37.34583333333333,47.625,56.5625,70.89999999999999,87.0,0.0,1008.4583333333334,93.83333333333333,24.099999999999998,1.0250000000000001,1.8033333333333335
2023-04-13,30.958333333333332,91.125,173.54999999999998,32.987500000000004,39.266666666666666,38.725,62.75,75.33333333333333,0.0,1007.4166666666666,97.0,24.066666666666666,1.0166666666666666,2.0258333333333334
2023-04-14,35.625,103.125,183.59583333333333,33.112500000000004,39.30416666666667,44.550000000000004,63.26666666666667,81.16666666666667,0.0,1006.7916666666666,95.5,24.641666666666666,1.0250000000000001,1.4279166666666667
2023-04-15,55.5,141.25,285.1125,36.137499999999996,45.75,69.39999999999999,52.94166666666666,90.58333333333333,0.16666666666666666,1009.5,93.79166666666667,25.258333333333336,1.3083333333333333,1.0479166666666666
2023-04-16,52.541666666666664,141.54166666666666,440.45,60.362500000000004,74.25,65.69583333333334,100.89166666666667,77.66666666666667,0.0,1007.8333333333334,82.125,25.679166666666664,1.5999999999999999,1.7091666666666667
2023-04-17,54.708333333333336,144.79166666666666,203.00833333333333,30.650000000000002,66.25,68.39999999999999,71.30416666666666,89.125,0.0,1005.5,85.58333333333333,26.058333333333334,1.4208333333333334,2.6245833333333333
2023-04-18,43.625,121.75,227.3125,29.695833333333336,98.3875,54.55416666666667,63.237500000000004,88.91666666666667,0.0,1003.625,86.625,27.704166666666666,1.8291666666666666,1.6233333333333333
2023-04-19,60.541666666666664,153.08333333333334,265.5125,37.02916666666667,99.02916666666665,75.7,90.10833333333333,91.95833333333333,0.0,1000.75,84.54166666666667,27.97083333333333,2.6958333333333333,1.7566666666666668
2023-04-20,59.333333333333336,152.33333333333334,286.3333333333333,40.92916666666667,96.6125,74.19166666666666,94.94583333333333,93.33333333333333,0.0,999.9166666666666,82.04166666666667,27.633333333333336,1.625,1.5587499999999999
2023-04-21,68.41666666666667,166.20833333333334,270.29583333333335,30.8625,122.59583333333335,85.54166666666667,88.67916666666667,86.625,0.0,1000.4166666666666,83.70833333333333,28.108333333333334,1.7750000000000001,1.7504166666666665
2023-04-22,53.208333333333336,144.33333333333334,214.82916666666665,28.041666666666668,94.33333333333333,66.53333333333333,74.90416666666667,81.375,0.0,1002.5416666666666,82.66666666666667,28.425,1.991666666666667,1.9558333333333333
2023-04-23,48.208333333333336,129.75,183.10833333333335,28.583333333333332,76.9875,60.287499999999994,64.9875,62.041666666666664,0.0,1006.4583333333334,81.41666666666667,28.525000000000002,1.8666666666666665,2.0395833333333333
2023-04-24,35.0,100.375,140.27916666666667,24.09583333333333,49.10833333333333,43.770833333333336,53.5,76.16666666666667,0.0,1008.875,81.08333333333333,28.479166666666668,1.8916666666666666,2.3087500000000003
2023-04-25,23.30541666666667,74.625,146.25833333333333,21.029166666666665,41.77916666666667,29.15416666666667,29.608333333333334,74.79166666666667,0.010416666666666666,1012.5,81.875,22.708333333333332,1.0416666666666667,2.4541666666666666
2023-04-26,37.458333333333336,104.75,248.14583333333334,43.44166666666666,65.04166666666667,46.854166666666664,80.64166666666667,82.08333333333333,0.020833333333333332,1012.9583333333334,66.66666666666667,23.05,1.1708333333333332,0.9525
2023-04-27,42.75,118.16666666666667,226.01250000000002,36.375,77.25,53.4625,89.73333333333333,68.33333333333333,0.0,1009.7916666666666,74.75,25.441666666666666,1.9541666666666666,2.2041666666666666
2023-04-28,30.833333333333332,90.875,151.01250000000002,21.808333333333334,63.67916666666667,38.55833333333333,48.68333333333334,91.91666666666667,0.0,1008.625,86.83333333333333,26.758333333333336,1.7791666666666668,2.2591666666666668
2023-04-29,25.5,79.83333333333333,147.61666666666667,22.083333333333332,57.083333333333336,31.900000000000002,49.025,87.25,1.4375,1010.2083333333334,83.91666666666667,25.875,1.3833333333333335,2.51125
2023-04-30,32.333333333333336,95.41666666666667,214.82916666666665,40.125,59.737500000000004,40.44166666666667,55.291666666666664,95.16666666666667,0.9166666666666666,1011.875,74.75,23.7375,1.4208333333333334,1.6312499999999999
2023-05-01,49.0,135.16666666666666,349.90000000000003,53.637499999999996,118.32083333333333,61.275,117.9875,68.33333333333333,0.0,1010.5833333333334,73.375,25.416666666666668,1.7791666666666666,1.84
2023-05-02,36.375,104.5,151.86666666666667,20.333333333333332,82.06666666666666,45.49166666666667,72.33333333333333,64.66666666666667,0.010416666666666666,1009.9166666666666,80.625,26.224999999999998,1.4666666666666668,2.2483333333333335
2023-05-03,26.0,80.20833333333333,112.31666666666666,17.2375,47.708333333333336,32.525,53.80416666666667,58.416666666666664,0.010416666666666666,1008.125,81.95833333333333,28.125,1.4625000000000001,2.485
2023-05-04,31.041666666666668,91.625,114.70416666666667,16.541666666666668,76.69583333333334,38.81666666666667,56.35,45.0,0.0,1002.875,83.58333333333333,29.075,2.1125000000000003,2.6374999999999997
2023-05-05,39.0,111.79166666666667,189.5875,24.833333333333332,118.2375,48.762499999999996,70.85833333333333,33.041666666666664,0.0,998.2916666666666,80.91666666666667,30.258333333333336,3.091666666666667,2.0116666666666667
2023-05-06,50.666666666666664,135.91666666666666,223.45000000000002,33.025,114.2625,63.35833333333333,51.69583333333333,51.541666666666664,0.0,997.0833333333334,74.95833333333333,31.954166666666666,3.4375,1.8445833333333335
2023-05-07,43.958333333333336,120.625,141.96666666666667,15.85,98.94583333333333,54.979166666666664,56.69583333333333,71.0,0.4895833333333333,1000.0416666666666,80.33333333333333,30.479166666666668,2.5416666666666665,1.8870833333333332
2023-05-08,26.791666666666668,82.125,153.61666666666665,19.25,60.958333333333336,33.512499999999996,43.275,99.625,0.4375,1006.9583333333334,89.08333333333333,25.454166666666666,1.0666666666666667,1.6179166666666667
2023-05-09,39.94416666666667,111.5,172.2125,23.75,81.67916666666666,50.97083333333333,67.30833333333334,98.29166666666667,0.0,1009.125,90.54166666666667,24.141666666666666,1.0875000000000001,1.10625
2023-05-10,26.36125,81.125,172.7541666666667,31.75,64.5125,32.975,53.69166666666666,96.79166666666667,0.0625,1008.1666666666666,87.29166666666667,27.258333333333336,1.8499999999999999,1.6379166666666667
2023-05-11,19.833333333333332,66.16666666666667,154.78333333333333,28.400000000000002,45.625,24.820833333333336,36.18333333333333,78.0,0.11458333333333333,1009.9166666666666,75.66666666666667,28.145833333333332,1.2541666666666667,1.5737500000000002
2023-05-12,22.583333333333332,73.0,179.9625,24.9875,57.708333333333336,28.254166666666666,29.72083333333333,94.875,0.0,1013.125,63.0,26.2,1.2083333333333333,2.1370833333333334
2023-05-13,23.916666666666668,76.16666666666667,159.0375,20.804166666666667,68.93333333333334,29.916666666666668,29.820833333333336,99.79166666666667,0.0625,1012.875,71.95833333333333,23.90833333333333,1.1666666666666667,2.7008333333333336
2023-05-14,26.666666666666668,82.125,308.9291666666667,38.40416666666667,64.34583333333333,33.362500000000004,42.85833333333333,88.91666666666667,0.0,1011.375,82.04166666666667,23.458333333333332,1.2041666666666666,1.5075
2023-05-15,30.583333333333332,96.125,477.05,51.5,80.70833333333333,38.24583333333333,104.375,80.08333333333333,0.09375,1007.8333333333334,75.83333333333333,26.912499999999998,1.2,1.4400000000000002
2023-05-16,33.458333333333336,99.33333333333333,161.05416666666667,25.695833333333336,87.92916666666667,41.85,55.57083333333333,58.083333333333336,0.0,1003.9166666666666,76.16666666666667,29.90833333333333,1.9291666666666665,2.4975
2023-05-17,47.416666666666664,129.08333333333334,196.725,30.72083333333333,93.10000000000001,59.291666666666664,63.387499999999996,22.208333333333332,0.0,1001.625,58.208333333333336,33.208333333333336,3.283333333333333,1.9841666666666666
2023-05-18,55.958333333333336,148.25,215.69583333333333,36.666666666666664,103.85833333333333,69.97083333333333,81.4875,0.0,0.0,1001.4166666666666,59.0,33.5875,3.404166666666667,1.2283333333333333
2023-05-19,52.125,141.66666666666666,262.0416666666667,22.0,139.41666666666666,65.18333333333332,98.34583333333335,56.875,0.0,1002.25,77.875,31.329166666666666,3.1,2.317083333333333
2023-05-20,49.013749999999995,134.79166666666666,155.79999999999998,17.6375,103.75,62.31666666666666,54.666666666666664,51.791666666666664,0.010416666666666666,1002.7083333333334,80.75,30.483333333333334,2.375,1.8875
2023-05-21,32.972500000000004,95.70833333333333,125.6125,10.208333333333334,118.16666666666667,49.5,38.875,67.20833333333333,0.0,1003.1666666666666,79.29166666666667,31.75,2.9250000000000003,2.24875
2023-05-22,39.041666666666664,110.58333333333333,144.04166666666666,14.933333333333332,127.95833333333333,54.1875,55.55833333333334,16.041666666666668,0.0,1002.6666666666666,75.25,32.5625,3.3666666666666667,1.615
2023-05-23,46.041666666666664,127.79166666666667,134.29583333333332,14.9,112.1125,57.583333333333336,68.91666666666667,75.375,0.03125,1003.6666666666666,82.41666666666667,30.8875,1.0916666666666666,2.3454166666666665
2023-05-24,45.916666666666664,127.375,132.22083333333333,16.208333333333332,105.91666666666667,57.416666666666664,49.637499999999996,83.16666666666667,1.4791666666666667,1005.125,84.95833333333333,29.212500000000002,1.1291666666666667,1.98375
2023-05-25,25.583333333333332,80.16666666666667,115.03750000000001,16.683333333333334,85.20833333333333,32.012499999999996,35.583333333333336,86.91666666666667,1.3541666666666667,1006.0833333333334,86.91666666666667,27.816666666666666,1.1875,1.9570833333333333
2023-05-26,27.125,83.08333333333333,97.61666666666667,13.816666666666668,67.2375,33.93333333333333,25.47083333333333,63.291666666666664,0.020833333333333332,1006.7916666666666,82.54166666666667,28.7,1.1416666666666666,1.8508333333333333
2023-05-27,22.333333333333332,72.29166666666667,85.02499999999999,11.737499999999999,68.22083333333333,27.945833333333336,25.558333333333334,52.375,0.0,1005.4166666666666,82.41666666666667,29.733333333333334,1.8541666666666667,1.845
2023-05-28,19.041666666666668,65.125,81.20416666666667,16.9875,52.791666666666664,23.833333333333332,37.375,49.458333333333336,0.0,1006.2083333333334,80.70833333333333,30.0,1.5666666666666667,1.8479166666666667
2023-05-29,30.375,90.08333333333333,105.72083333333335,18.375,80.58333333333333,37.99166666666667,42.92916666666667,32.75,0.0,1006.4583333333334,74.41666666666667,31.045833333333334,3.2541666666666664,1.5308333333333335
2023-05-30,30.666666666666668,91.41666666666667,99.2,16.929166666666667,76.41666666666667,38.362500000000004,45.92916666666667,20.541666666666668,0.0,1004.5,70.04166666666667,31.7625,3.3333333333333335,1.27875
2023-05-31,46.291666666666664,125.33333333333333,102.96666666666665,20.333333333333332,48.02916666666667,57.89166666666666,56.64166666666667,55.041666666666664,0.0,1001.6666666666666,69.25,32.05416666666667,3.4250000000000003,1.3258333333333334
2023-06-01,37.375,106.125,120.93333333333334,19.5125,78.04166666666667,46.74583333333333,49.42916666666667,38.5,0.0,999.625,74.58333333333333,32.354166666666664,2.2416666666666667,1.8733333333333333
2023-06-02,41.25,115.41666666666667,129.37083333333334,14.875,131.34583333333333,51.5875,44.80416666666667,42.833333333333336,0.0,1000.5833333333334,70.0,32.85,1.7958333333333334,1.54875
2023-06-03,30.708333333333332,90.83333333333333,120.625,14.570833333333333,101.02916666666665,38.416666666666664,48.19583333333333,39.875,0.010416666666666666,1003.7916666666666,69.95833333333333,30.454166666666666,2.725,0.9395833333333333
2023-06-04,37.541666666666664,106.625,132.94166666666666,24.40416666666667,77.39999999999999,46.94166666666666,45.512499999999996,51.458333333333336,0.7708333333333334,1003.875,72.91666666666667,30.579166666666666,1.325,1.79875
2023-06-05,36.666666666666664,105.375,123.75,18.929166666666667,83.66666666666667,45.854166666666664,43.333333333333336,34.541666666666664,0.010416666666666666,1003.7083333333334,76.16666666666667,29.870833333333334,1.2083333333333333,1.065
2023-06-06,36.583333333333336,104.54166666666667,118.25833333333333,24.054166666666664,58.80833333333334,45.75,56.01666666666667,52.083333333333336,0.23958333333333334,1004.375,83.45833333333333,28.75,1.3583333333333334,1.79
2023-06-07,42.25,119.58333333333333,145.6,24.183333333333334,98.69166666666666,52.833333333333336,59.791666666666664,53.083333333333336,0.09375,1003.7083333333334,71.75,30.916666666666668,1.2666666666666666,1.6104166666666666
2023-06-08,48.083333333333336,130.83333333333334,165.48333333333332,31.0,92.19583333333333,60.12916666666666,69.625,57.791666666666664,0.3333333333333333,1002.5416666666666,80.25,30.308333333333334,1.0875000000000001,1.37375
2023-06-09,22.291666666666668,76.875,183.75833333333333,38.791666666666664,80.34583333333333,27.891666666666666,50.60833333333333,76.95833333333333,0.5208333333333334,1002.0833333333334,80.0,28.7375,1.0791666666666666,1.5233333333333334
2023-06-10,44.458333333333336,125.70833333333333,196.375,31.291666666666668,110.1125,55.599999999999994,74.83333333333333,60.833333333333336,0.0,1000.0833333333334,69.41666666666667,31.641666666666666,1.3958333333333333,1.5650000000000002
2023-06-11,52.458333333333336,139.20833333333334,192.86249999999998,26.054166666666664,133.65416666666667,65.6,77.75,60.666666666666664,0.0,999.75,73.70833333333333,32.012499999999996,1.6541666666666668,1.3283333333333334
2023-06-12,45.916666666666664,124.66666666666667,215.96666666666667,29.5125,92.625,57.42083333333333,75.32083333333334,71.75,1.2708333333333333,1000.2083333333334,81.875,30.537499999999998,1.6833333333333333,1.7258333333333333
2023-06-13,28.791666666666668,88.04166666666667,184.5583333333333,33.69583333333333,79.2625,36.012499999999996,96.59583333333335,77.91666666666667,1.3020833333333333,1000.625,78.5,29.55,1.125,1.1741666666666666
2023-06-14,25.208333333333332,91.79166666666667,199.78333333333333,27.47083333333333,115.69583333333333,31.53333333333333,87.76666666666667,87.33333333333333,1.1458333333333333,1003.25,86.125,27.829166666666666,1.1375,1.2762499999999999
2023-06-15,22.25,75.08333333333333,184.3708333333333,29.724999999999998,95.04166666666667,27.841666666666665,61.25,52.166666666666664,0.08333333333333333,1002.375,82.70833333333333,28.9875,1.2166666666666666,1.1341666666666665
2023-06-16,30.541666666666668,90.33333333333333,155.5625,31.483333333333334,71.10833333333333,38.199999999999996,55.06666666666666,73.95833333333333,0.020833333333333332,1000.625,73.41666666666667,31.395833333333332,1.1875,0.9787500000000001
2023-06-17,22.541666666666668,72.70833333333333,98.23333333333333,17.291666666666668,67.14166666666667,28.208333333333332,33.112500000000004,79.45833333333333,0.4166666666666667,1001.7083333333334,73.625,31.59583333333333,1.0791666666666666,1.7733333333333334
2023-06-18,18.583333333333332,64.20833333333333,84.12916666666666,15.291666666666666,62.81666666666666,23.258333333333336,27.166666666666668,79.70833333333333,0.3854166666666667,1002.7083333333334,84.5,28.541666666666668,1.1125,1.9066666666666665
2023-06-19,26.652916666666666,82.45833333333333,99.575,19.141666666666666,69.39166666666667,33.3375,37.32083333333333,76.375,0.19791666666666666,1002.1666666666666,85.16666666666667,29.604166666666668,1.1083333333333334,1.30125
2023-06-20,25.23625,85.875,154.68333333333334,32.525,78.08333333333333,32.44583333333333,53.15,75.125,0.2916666666666667,1001.9583333333334,78.54166666666667,30.84583333333333,1.125,1.1425
2023-06-21,46.56916666666667,127.83333333333333,170.2875,35.362500000000004,76.42916666666666,67.04166666666667,52.27916666666667,77.83333333333333,3.3229166666666665,1003.0416666666666,81.66666666666667,29.320833333333336,1.1333333333333333,1.68875
2023-06-22,36.52791666666666,104.33333333333333,152.90833333333333,34.32083333333333,75.1375,50.56666666666666,63.416666666666664,71.625,0.125,1002.125,76.5,30.641666666666666,1.075,1.3145833333333334
2023-06-23,19.125,64.16666666666667,191.32916666666665,39.858333333333334,61.737500000000004,23.920833333333334,100.77916666666665,75.91666666666667,0.8541666666666666,1002.6666666666666,81.125,28.183333333333334,1.0999999999999999,1.3995833333333334
2023-06-24,22.375,72.08333333333333,156.35833333333332,42.666666666666664,28.695833333333336,27.995833333333334,43.012499999999996,89.375,1.8125,1002.5416666666666,91.04166666666667,26.879166666666666,1.0708333333333333,1.1979166666666667
2023-06-25,17.291666666666668,60.5,209.54583333333335,43.30833333333334,44.35833333333333,21.650000000000002,77.2625,74.29166666666667,0.9479166666666666,1004.1666666666666,90.33333333333333,26.65833333333333,1.0708333333333333,0.7670833333333333
2023-06-26,23.458333333333332,74.625,193.17499999999998,42.916666666666664,47.51666666666667,29.34583333333333,65.60000000000001,70.58333333333333,0.17708333333333334,1004.9166666666666,88.5,27.27916666666667,1.075,1.3845833333333333
2023-06-27,21.0,69.33333333333333,103.18333333333334,23.983333333333334,38.56666666666667,26.266666666666666,31.525000000000002,80.375,0.25,1006.0,87.20833333333333,27.875,1.1958333333333333,1.6008333333333333
2023-06-28,15.916666666666666,58.0,88.77916666666665,15.625,54.68333333333334,19.908333333333335,27.724999999999998,63.75,0.78125,1006.1666666666666,81.58333333333333,29.729166666666668,2.1416666666666666,1.8804166666666668
2023-06-29,18.125,62.666666666666664,90.55833333333334,13.516666666666666,66.48333333333333,22.675,29.525000000000002,40.041666666666664,0.0,1002.9166666666666,77.0,31.316666666666666,2.25,2.1808333333333336
2023-06-30,23.541666666666668,75.33333333333333,301.30833333333334,14.020833333333334,87.57916666666667,29.445833333333336,31.066666666666666,70.95833333333333,0.0,1000.4583333333334,74.125,32.733333333333334,1.1208333333333333,1.8379166666666666
2023-07-01,27.791666666666668,86.33333333333333,643.4916666666667,17.891666666666666,72.27916666666667,34.75416666666667,21.616666666666664,68.45833333333333,0.14583333333333334,1000.5833333333334,73.91666666666667,32.829166666666666,1.15,1.4708333333333332
2023-07-02,24.541666666666668,80.625,93.675,7.375,95.77916666666665,30.704166666666666,47.541666666666664,54.458333333333336,0.3645833333333333,1001.5416666666666,74.70833333333333,31.7375,1.1375,1.5729166666666667
2023-07-03,20.875,68.875,92.64583333333333,7.7625,85.30416666666666,26.1125,49.17916666666667,81.08333333333333,0.08333333333333333,1002.375,78.70833333333333,31.1125,1.0999999999999999,1.4395833333333332
2023-07-04,35.125,95.70833333333333,100.60833333333333,8.791666666666666,76.16666666666667,43.94166666666666,50.112500000000004,65.54166666666667,0.0,1002.8333333333334,74.04166666666667,31.008333333333336,1.9291666666666665,1.0916666666666666
2023-07-05,24.5,77.54166666666667,144.48333333333332,13.695833333333333,80.44583333333334,30.641666666666666,77.7625,68.04166666666667,0.5,1003.1666666666666,76.04166666666667,30.95,2.0833333333333335,1.6283333333333332
2023-07-06,13.583333333333334,59.458333333333336,82.98333333333333,6.3875,100.66666666666667,17.504166666666666,45.333333333333336,31.958333333333332,0.052083333333333336,1003.5416666666666,71.625,31.825,3.1916666666666664,2.195
2023-07-07,2.6666666666666665,49.0,75.89583333333333,5.625,104.02499999999999,3.3541666666666665,39.5,27.291666666666668,0.0,1003.75,68.25,32.63333333333333,2.408333333333333,2.1625
2023-07-08,2.3333333333333335,46.875,71.65833333333333,5.625,98.15416666666665,2.954166666666667,35.612500000000004,60.25,0.7395833333333334,1005.2083333333334,82.125,30.579166666666666,1.8625,1.9979166666666668
2023-07-09,2.3333333333333335,43.416666666666664,90.21666666666665,6.958333333333333,95.22083333333335,2.9499999999999997,33.833333333333336,70.25,0.14583333333333334,1005.7916666666666,74.66666666666667,30.020833333333332,1.2041666666666666,1.4654166666666668
2023-07-10,13.11125,58.75,80.91250000000001,5.916666666666667,89.15416666666665,16.416666666666668,37.56666666666667,65.45833333333333,0.010416666666666666,1004.875,72.70833333333333,30.425,1.25,1.9854166666666666
2023-07-11,23.416666666666668,74.75,87.1125,6.766666666666667,91.25,29.287499999999998,45.44583333333333,31.833333333333332,0.0,1003.7916666666666,72.16666666666667,31.40833333333333,2.9250000000000003,1.8370833333333334
2023-07-12,19.375,73.5,92.72916666666667,7.220833333333334,102.75,24.245833333333334,52.59583333333333,46.291666666666664,0.8541666666666666,1003.2916666666666,66.875,32.81666666666667,2.7916666666666665,1.8925
2023-07-13,29.916666666666668,90.70833333333333,92.35416666666667,7.5,97.2625,37.43333333333333,49.5,55.5,0.4479166666666667,1002.25,67.25,31.729166666666668,2.1999999999999997,1.8866666666666667
2023-07-14,37.194583333333334,107.29166666666667,112.93333333333334,9.904166666666667,100.125,50.425000000000004,59.82083333333333,70.04166666666667,0.0,1001.9166666666666,75.625,31.28333333333333,1.9708333333333332,1.9275
2023-07-15,35.555416666666666,102.95833333333333,161.32916666666668,17.25,87.6125,49.51666666666667,145.05416666666667,51.625,0.0,1000.9166666666666,75.54166666666667,30.358333333333334,1.8,1.9929166666666667
2023-07-16,40.625,113.54166666666667,252.76666666666665,20.8875,101.79166666666667,50.80833333333333,115.80833333333334,74.79166666666667,0.0,998.9166666666666,66.79166666666667,32.0625,1.1416666666666666,1.7754166666666666
2023-07-17,45.666666666666664,127.45833333333333,208.8125,16.679166666666667,99.84583333333335,57.12083333333333,100.25,83.875,0.07291666666666667,996.8333333333334,56.458333333333336,33.4375,1.0791666666666666,2.0170833333333333
2023-07-18,44.208333333333336,116.20833333333333,166.88750000000002,15.208333333333334,76.45833333333333,55.291666666666664,75.77499999999999,98.33333333333333,1.1145833333333333,997.125,71.25,29.208333333333332,1.0708333333333333,2.12
2023-07-19,28.291666666666668,85.75,132.60416666666666,14.083333333333334,76.02916666666667,35.387499999999996,75.375,93.875,0.59375,1002.25,87.91666666666667,26.608333333333334,1.0708333333333333,1.09375
2023-07-20,40.083333333333336,113.54166666666667,138.76250000000002,14.666666666666666,82.125,50.125,92.79166666666667,82.25,0.4895833333333333,1004.9166666666666,89.95833333333333,27.474999999999998,1.0666666666666667,1.0154166666666666
2023-07-21,41.291666666666664,116.66666666666667,168.48333333333332,17.779166666666665,62.15416666666667,51.637499999999996,90.07083333333333,67.5,0.010416666666666666,1007.375,79.95833333333333,29.316666666666666,1.1708333333333334,1.0341666666666667
2023-07-22,27.25,83.70833333333333,151.68333333333334,15.904166666666667,62.958333333333336,34.0875,83.45833333333333,70.625,0.041666666666666664,1008.125,73.29166666666667,30.858333333333334,1.4375,1.4029166666666668
2023-07-23,18.666666666666668,64.41666666666667,82.65416666666667,9.4,54.416666666666664,23.358333333333334,51.041666666666664,26.291666666666668,0.0,1006.5,71.16666666666667,31.46666666666667,2.733333333333333,1.9158333333333333
2023-07-24,18.958333333333332,64.95833333333333,78.3625,8.945833333333333,52.85833333333333,23.72083333333333,48.65416666666667,66.625,0.0,1004.9583333333334,69.375,31.59166666666667,2.7708333333333335,1.3420833333333333
2023-07-25,17.25,61.208333333333336,85.04583333333333,9.804166666666667,52.737500000000004,21.599999999999998,49.041666666666664,51.583333333333336,0.0,1004.25,66.79166666666667,31.770833333333332,2.1999999999999997,1.5954166666666667
2023-07-26,21.416666666666668,70.29166666666667,85.10833333333333,9.058333333333334,68.67916666666666,26.8,54.5,28.416666666666668,0.0,1002.2916666666666,67.83333333333333,32.266666666666666,1.6458333333333333,1.3866666666666667
2023-07-27,28.5,90.83333333333333,140.12916666666666,12.941666666666668,90.9875,35.65,70.20833333333333,54.666666666666664,0.0,998.9166666666666,71.41666666666667,32.12083333333333,1.2666666666666666,1.2708333333333333
2023-07-28,35.25,106.83333333333333,164.5625,12.558333333333332,111.65416666666665,44.0875,88.89999999999999,74.33333333333333,0.3333333333333333,997.625,80.41666666666667,29.516666666666666,1.0666666666666667,1.3733333333333333
2023-07-29,34.166666666666664,105.29166666666667,182.66666666666666,15.583333333333334,104.30416666666667,42.729166666666664,136.66666666666666,73.41666666666667,0.125,998.875,77.54166666666667,30.941666666666666,1.4791666666666667,1.3045833333333332
2023-07-30,34.75,100.70833333333333,153.9125,14.208333333333334,71.1375,43.458333333333336,77.52916666666667,65.16666666666667,0.0,1000.3333333333334,83.45833333333333,30.008333333333336,1.1125,1.1341666666666665
2023-07-31,30.25,89.95833333333333,122.8625,12.929166666666667,64.85000000000001,37.8375,71.0,72.5,1.5,1001.5833333333334,86.16666666666667,28.75,1.0958333333333334,0.8775
2023-08-01,24.041666666666668,76.45833333333333,195.5583333333333,21.4875,57.55416666666667,30.075,128.70833333333334,84.75,0.9479166666666666,1001.875,86.70833333333333,28.087500000000002,1.0708333333333333,1.4508333333333334
2023-08-02,31.291666666666668,92.83333333333333,203.45833333333334,23.625,59.583333333333336,39.137499999999996,194.58333333333334,81.95833333333333,0.13541666666666666,1000.75,86.70833333333333,28.425,1.0833333333333333,0.9704166666666666
2023-08-03,34.708333333333336,99.875,172.20000000000002,20.291666666666668,65.44583333333334,43.42083333333333,156.76250000000002,88.625,0.08333333333333333,1000.0416666666666,86.54166666666667,28.6375,1.1166666666666667,1.0999999999999999
2023-08-04,20.75,68.83333333333333,173.2458333333333,17.191666666666666,79.08333333333333,25.962500000000002,114.15416666666665,96.625,2.53125,1000.875,94.0,27.058333333333334,1.0625,1.0291666666666666
2023-08-05,19.25,65.45833333333333,117.72916666666667,13.875,54.80416666666667,24.09166666666667,88.90416666666665,92.04166666666667,0.3645833333333333,1000.1666666666666,90.79166666666667,27.27916666666667,1.4333333333333333,1.20375
2023-08-06,19.958333333333332,67.375,114.00416666666666,12.570833333333333,58.708333333333336,24.97083333333333,78.41666666666667,88.5,0.125,997.4583333333334,83.58333333333333,28.454166666666666,1.0791666666666666,1.00875
2023-08-07,18.916666666666668,64.54166666666667,106.89583333333333,12.320833333333333,60.55416666666667,23.670833333333334,82.47083333333333,85.79166666666667,0.052083333333333336,996.9166666666666,78.625,29.09166666666667,1.0833333333333333,1.55875
2023-08-08,18.958333333333332,69.125,121.72916666666667,12.858333333333334,75.975,23.72083333333333,84.84583333333333,61.875,0.010416666666666666,998.9583333333334,77.04166666666667,29.7,1.9833333333333334,1.7045833333333331
2023-08-09,29.958333333333332,91.04166666666667,147.5125,14.154166666666667,89.79166666666667,37.475,90.91666666666667,56.791666666666664,0.041666666666666664,1000.9166666666666,75.08333333333333,30.816666666666666,1.9708333333333334,1.5175
2023-08-10,31.458333333333332,96.70833333333333,293.4583333333333,24.97083333333333,96.35833333333333,39.34583333333333,138.05833333333334,83.375,1.2395833333333333,1002.2083333333334,89.125,29.34583333333333,1.125,1.1845833333333333
2023-08-11,57.0,145.58333333333334,233.83333333333334,18.099999999999998,90.6125,71.27499999999999,130.45833333333334,87.66666666666667,2.0104166666666665,1001.2083333333334,95.41666666666667,27.4375,1.0999999999999999,1.0508333333333333
2023-08-12,40.666666666666664,115.08333333333333,186.47083333333333,16.220833333333335,96.15416666666665,50.854166666666664,111.59583333333335,79.625,0.20833333333333334,1000.7083333333334,87.375,28.170833333333334,1.3416666666666668,1.0070833333333333
2023-08-13,34.708333333333336,101.70833333333333,252.75,17.070833333333333,111.81666666666666,43.40833333333333,175.55416666666667,66.54166666666667,0.020833333333333332,1001.0,78.375,29.879166666666666,1.1125,0.8854166666666666
2023-08-14,30.541666666666668,96.16666666666667,172.1833333333333,14.566666666666668,97.58333333333333,38.199999999999996,110.47500000000001,54.875,0.7395833333333334,1001.2916666666666,81.66666666666667,29.15833333333333,1.125,1.465
2023-08-15,21.875,71.16666666666667,165.77083333333334,14.445833333333333,82.51666666666667,27.375,104.35833333333333,75.125,0.0625,1003.2916666666666,82.79166666666667,28.745833333333334,1.0541666666666667,1.0129166666666667
2023-08-16,39.666666666666664,113.0,173.975,13.541666666666666,89.25,49.612500000000004,76.3625,62.625,0.23958333333333334,1003.9166666666666,80.0,30.59583333333333,1.2333333333333334,1.64875
2023-08-17,40.916666666666664,117.08333333333333,191.17916666666667,15.25,110.1375,51.17083333333333,93.04166666666667,36.708333333333336,0.0,1003.0833333333334,72.58333333333333,32.43333333333333,1.4124999999999999,1.2820833333333332
2023-08-18,36.875,112.5,169.14166666666668,13.708333333333334,115.125,46.11666666666667,87.94583333333333,65.41666666666667,0.0625,1002.1666666666666,76.54166666666667,31.358333333333334,1.1125,1.1854166666666666
2023-08-19,49.666666666666664,127.91666666666667,172.26250000000002,14.541666666666666,105.1375,62.10833333333333,131.88750000000002,72.16666666666667,0.9583333333333334,1003.1666666666666,89.66666666666667,29.8625,1.05,0.9562499999999999
2023-08-20,30.291666666666668,90.83333333333333,195.47916666666666,18.720833333333335,66.70833333333333,37.887499999999996,100.52916666666665,75.95833333333333,1.3333333333333333,1004.4166666666666,91.58333333333333,27.28333333333333,1.0333333333333334,1.2429166666666667
2023-08-21,28.0,86.375,208.67083333333335,17.516666666666666,74.79166666666667,35.020833333333336,86.33333333333333,68.79166666666667,0.0625,1004.8333333333334,81.33333333333333,29.287499999999998,1.3208333333333333,1.6016666666666666
2023-08-22,31.777916666666666,97.125,177.6,14.75,92.79166666666667,39.75416666666666,86.8875,63.666666666666664,0.0625,1003.375,78.79166666666667,30.900000000000002,1.1458333333333333,2.0295833333333335
2023-08-23,29.625,92.625,167.82083333333335,13.5,102.75,37.050000000000004,94.82083333333333,74.58333333333333,1.6979166666666667,1001.5,74.83333333333333,31.366666666666664,1.0374999999999999,1.6229166666666668
2023-08-24,31.25,92.70833333333333,133.02916666666667,13.958333333333334,69.20833333333333,39.0875,85.27499999999999,92.04166666666667,1.6458333333333333,1003.2083333333334,83.33333333333333,28.791666666666668,1.0916666666666666,0.9045833333333334
2023-08-25,38.291666666666664,109.625,158.29999999999998,15.637500000000001,69.95833333333333,47.89166666666666,92.30833333333334,82.375,1.3125,1003.6666666666666,84.70833333333333,29.291666666666668,1.0958333333333334,1.5920833333333333
2023-08-26,26.583333333333332,86.75,207.29583333333335,15.612499999999999,85.76666666666667,33.25833333333333,82.1375,72.79166666666667,1.28125,1001.5,83.79166666666667,29.579166666666666,1.0416666666666667,1.4316666666666666
2023-08-27,28.708333333333332,89.79166666666667,168.75,14.387500000000001,91.0,35.9125,84.22083333333333,64.58333333333333,0.03125,998.875,76.75,30.866666666666664,1.0125,1.3787500000000001
2023-08-28,20.291666666666668,76.33333333333333,156.71666666666667,13.845833333333333,88.08333333333333,25.40833333333333,115.16666666666667,73.125,1.9791666666666667,1001.0833333333334,82.33333333333333,28.825,1.0125,1.7970833333333334
2023-08-29,27.208333333333332,85.625,186.83333333333334,13.308333333333332,85.20833333333333,34.02916666666667,102.45833333333333,70.0,0.0625,1003.4166666666666,68.625,29.316666666666666,2.0833333333333335,1.5895833333333333
2023-08-30,26.0,84.125,191.0583333333333,13.554166666666667,89.94166666666666,32.512499999999996,101.97500000000001,54.041666666666664,0.0,1005.5833333333334,56.333333333333336,30.375,2.0749999999999997,1.3175000000000001
2023-08-31,41.666666666666664,115.58333333333333,259.05,17.654166666666665,93.60000000000001,52.10833333333333,108.58333333333333,22.291666666666668,0.0,1005.125,58.125,30.208333333333332,3.1166666666666667,1.67
2023-09-01,52.208333333333336,137.33333333333334,278.8833333333333,18.958333333333332,97.19166666666666,65.28333333333333,112.55416666666667,32.708333333333336,0.0,1004.0833333333334,62.166666666666664,30.395833333333332,2.6916666666666664,1.7341666666666666
2023-09-02,49.583333333333336,128.125,244.25,17.845833333333335,95.0,62.0,107.27916666666665,71.375,0.0,1001.7916666666666,59.166666666666664,31.916666666666668,2.858333333333333,1.4108333333333334
2023-09-03,40.25,110.66666666666667,146.60833333333332,13.220833333333333,69.65416666666667,50.3375,90.67916666666667,96.70833333333333,0.16666666666666666,1001.75,72.29166666666667,29.0625,1.1416666666666666,0.9975
2023-09-04,24.041666666666668,79.54166666666667,131.59166666666667,12.1,70.83333333333333,30.070833333333336,93.7625,96.70833333333333,0.0,1004.375,90.04166666666667,25.270833333333332,0.9958333333333332,1.8616666666666666
2023-09-05,24.541666666666668,83.79166666666667,192.97083333333333,15.775,99.15416666666665,30.712500000000002,116.80833333333334,76.33333333333333,0.0,1004.9166666666666,77.375,28.758333333333336,1.9458333333333335,1.4175000000000002
2023-09-06,53.375,136.95833333333334,295.5708333333333,17.974999999999998,140.63750000000002,66.7375,183.025,66.75,0.052083333333333336,1005.5833333333334,73.41666666666667,30.349999999999998,1.8625,1.47625
2023-09-07,42.583333333333336,118.41666666666667,245.7125,13.65,138.51250000000002,53.262499999999996,158.93333333333334,67.66666666666667,0.03125,1005.25,72.5,31.120833333333334,1.4166666666666667,1.715
2023-09-08,37.333333333333336,109.95833333333333,228.0,14.612499999999999,118.5,46.699999999999996,128.775,73.08333333333333,0.3958333333333333,1005.25,78.54166666666667,29.22083333333333,1.2291666666666667,1.9345833333333333
2023-09-09,30.541666666666668,94.75,189.67499999999998,14.279166666666667,110.39166666666667,38.19583333333333,140.725,82.33333333333333,0.08333333333333333,1003.8333333333334,84.125,29.054166666666664,0.9916666666666667,1.2970833333333334
2023-09-10,52.916666666666664,137.875,196.40833333333333,16.483333333333334,96.625,66.17083333333333,158.47083333333333,75.95833333333333,0.03125,1002.8333333333334,83.58333333333333,29.2625,1.0583333333333333,1.7520833333333332
2023-09-11,49.583333333333336,131.875,182.2541666666667,13.862499999999999,97.29166666666667,62.0,118.3625,79.375,0.5208333333333334,1001.6666666666666,83.25,29.270833333333332,0.9791666666666666,1.0408333333333333
2023-09-12,45.833333333333336,124.45833333333333,215.07500000000002,19.708333333333332,69.45833333333333,57.32083333333333,127.33333333333333,68.0,0.13541666666666666,1002.2916666666666,86.75,28.829166666666666,0.9291666666666667,1.0341666666666667
2023-09-13,30.0,88.95833333333333,152.5,15.375,58.708333333333336,37.52916666666667,86.98333333333333,91.83333333333333,0.2708333333333333,1004.3333333333334,86.0,26.425,0.9249999999999999,2.6758333333333333
2023-09-14,15.083333333333334,56.791666666666664,156.24583333333334,13.262500000000001,65.2625,18.866666666666667,95.72500000000001,88.04166666666667,1.375,1006.0833333333334,94.25,24.395833333333332,0.9249999999999999,1.8879166666666667
2023-09-15,20.291666666666668,67.875,201.65833333333333,16.958333333333332,64.1375,25.391666666666666,108.27499999999999,76.25,0.041666666666666664,1007.4166666666666,87.125,25.65416666666667,0.9333333333333332,1.6479166666666665
2023-09-16,31.708333333333332,93.16666666666667,210.025,19.904166666666665,61.90416666666667,39.6625,118.16666666666667,82.0,0.3541666666666667,1008.2083333333334,86.20833333333333,26.766666666666666,0.9249999999999999,1.20875
2023-09-17,42.25,115.95833333333333,173.59583333333333,19.054166666666667,54.34583333333333,52.82916666666667,110.875,82.0,0.3333333333333333,1007.7083333333334,85.625,27.65416666666667,0.9958333333333332,1.4208333333333334
2023-09-18,32.041666666666664,95.16666666666667,146.45833333333334,16.224999999999998,60.30833333333334,40.07083333333333,96.1125,69.375,0.0,1008.0833333333334,81.5,28.34583333333333,1.2625,1.3320833333333333
2023-09-19,22.291666666666668,72.16666666666667,117.7,10.733333333333334,53.48333333333333,27.895833333333332,47.791666666666664,43.875,0.0,1008.25,79.375,29.645833333333332,1.3291666666666666,1.9695833333333335
2023-09-20,23.25,73.91666666666667,106.94166666666666,10.029166666666667,58.362500000000004,29.083333333333332,46.541666666666664,23.958333333333332,0.03125,1008.0,79.16666666666667,30.229166666666668,2.2083333333333335,2.0433333333333334
2023-09-21,18.75,64.625,116.41250000000001,11.887500000000001,56.42916666666667,23.46666666666667,56.30416666666667,39.75,0.0,1008.25,76.16666666666667,30.59583333333333,2.1999999999999997,1.1729166666666666
2023-09-22,27.291666666666668,81.625,132.56666666666666,13.875,60.76666666666667,34.137499999999996,67.40416666666667,25.666666666666668,0.0,1007.9583333333334,74.45833333333333,30.75,1.4958333333333333,1.6812500000000001
2023-09-23,24.5,77.25,126.87916666666666,13.237499999999999,75.95833333333333,30.650000000000002,79.33333333333333,41.833333333333336,0.0,1008.0,74.33333333333333,30.45,2.5124999999999997,1.3641666666666667
2023-09-24,28.916666666666668,87.25,129.86249999999998,13.75,88.19166666666666,36.170833333333334,96.29166666666667,52.5,0.010416666666666666,1007.5416666666666,75.75,29.545833333333334,1.9041666666666668,1.3620833333333333
2023-09-25,39.625,111.79166666666667,141.67083333333332,16.375,74.15416666666667,49.55416666666667,113.17916666666667,60.791666666666664,0.28125,1007.25,81.45833333333333,28.116666666666664,1.4791666666666667,1.4041666666666668
2023-09-26,42.458333333333336,119.20833333333333,102.02916666666665,14.362499999999999,43.375,53.0875,81.16666666666667,67.45833333333333,0.041666666666666664,1007.0833333333334,87.91666666666667,27.083333333333332,0.8791666666666668,1.8341666666666667
2023-09-27,23.875,75.58333333333333,85.55416666666667,12.970833333333333,41.67916666666667,29.875,65.69583333333334,89.95833333333333,0.6770833333333334,1007.6666666666666,87.66666666666667,26.791666666666668,0.8666666666666667,1.92375
2023-09-28,23.166666666666668,74.25,143.46666666666667,19.445833333333333,39.85,28.983333333333334,94.16666666666667,72.625,4.09375,1010.1666666666666,94.875,25.245833333333334,0.8666666666666667,1.1595833333333332
2023-09-29,33.25,97.0,210.47916666666666,21.25,68.19166666666666,41.583333333333336,126.40416666666665,86.70833333333333,0.14583333333333334,1010.5833333333334,88.16666666666667,26.6375,0.9458333333333333,1.23875
2023-09-30,52.416666666666664,141.29166666666666,276.6958333333333,21.358333333333334,85.52916666666665,65.53750000000001,172.79166666666666,70.75,0.0,1009.2916666666666,82.45833333333333,28.541666666666668,1.7333333333333334,0.9829166666666667
2023-10-01,43.5,119.54166666666667,213.9958333333333,19.029166666666665,70.1125,54.4,115.20833333333333,36.083333333333336,0.0,1007.75,74.08333333333333,29.525000000000002,2.370833333333333,1.3845833333333333
2023-10-02,33.5,97.0,187.6833333333333,17.041666666666668,71.89999999999999,41.90416666666666,88.42916666666667,29.833333333333332,0.0,1008.875,72.91666666666667,29.71666666666667,2.245833333333333,1.1125
2023-10-03,39.708333333333336,111.91666666666667,210.3083333333333,19.375,81.375,49.666666666666664,122.07083333333333,36.375,0.0,1008.9166666666666,69.5,30.204166666666666,1.875,1.4845833333333334
2023-10-04,51.125,132.45833333333334,146.4,13.737499999999999,85.51666666666667,63.9375,78.14999999999999,29.0,0.0,1008.25,71.625,30.116666666666664,2.5333333333333337,1.1441666666666668
2023-10-05,37.458333333333336,106.95833333333333,185.2458333333333,16.095833333333335,65.1375,46.854166666666664,82.68333333333334,21.583333333333332,0.0,1007.625,73.0,30.729166666666668,2.5124999999999997,1.4779166666666665
2023-10-06,36.833333333333336,105.83333333333333,165.86666666666667,16.404166666666665,78.41666666666667,46.07083333333333,104.20833333333333,39.708333333333336,0.0,1006.9583333333334,75.91666666666667,30.7375,2.033333333333333,1.3220833333333333
2023-10-07,36.666666666666664,105.25,177.13333333333333,14.166666666666666,86.45833333333333,45.85833333333333,107.91666666666667,80.79166666666667,0.020833333333333332,1009.625,81.66666666666667,27.616666666666664,0.8166666666666665,1.6866666666666665
2023-10-08,19.958333333333332,68.125,164.43333333333334,11.858333333333334,76.34583333333333,24.962500000000002,109.79166666666667,59.875,0.0,1012.25,62.083333333333336,27.462500000000002,1.875,1.3479166666666667
2023-10-09,31.083333333333332,90.79166666666667,144.5375,12.987499999999999,69.22500000000001,38.86666666666667,107.69166666666666,63.125,0.0,1013.6666666666666,54.291666666666664,28.133333333333336,1.5166666666666666,2.415
2023-10-10,28.458333333333332,85.66666666666667,124.125,12.375,60.275,35.59166666666667,103.89166666666667,90.125,0.0,1014.8333333333334,58.833333333333336,27.008333333333336,0.9500000000000001,1.76375
2023-10-11,29.541666666666668,89.08333333333333,145.5,13.987499999999999,63.475,36.949999999999996,118.33333333333333,84.29166666666667,0.0,1015.6666666666666,59.791666666666664,26.7625,1.1791666666666667,2.1158333333333332
2023-10-12,30.75,90.75,164.51666666666668,18.804166666666667,57.208333333333336,38.458333333333336,135.75,98.125,0.0,1016.6666666666666,76.83333333333333,24.425,0.7999999999999999,1.9091666666666667
2023-10-13,48.125,125.70833333333333,207.97916666666666,18.6375,77.6375,60.17916666666667,125.47083333333335,70.16666666666667,0.0,1014.75,78.79166666666667,25.504166666666666,1.9958333333333333,0.8866666666666667
2023-10-14,43.875,122.79166666666667,206.04583333333335,14.708333333333334,83.80416666666666,54.862500000000004,125.04166666666667,88.33333333333333,0.0,1012.5833333333334,73.125,25.945833333333336,1.625,1.8558333333333332
2023-10-15,31.652916666666666,93.04166666666667,200.73749999999998,15.516666666666666,67.51666666666667,39.6,123.19583333333333,76.33333333333333,0.0,1012.75,66.41666666666667,25.9375,1.616666666666667,1.5125
2023-10-16,55.166666666666664,142.625,262.02500000000003,21.5125,81.92916666666666,68.97500000000001,121.125,81.91666666666667,0.0,1013.0,67.625,26.795833333333334,0.975,1.1758333333333333
2023-10-17,67.875,162.54166666666666,347.2208333333333,27.570833333333336,83.40416666666667,84.86666666666666,136.19166666666666,63.458333333333336,0.0,1012.4583333333334,66.625,27.833333333333332,1.8333333333333333,1.3954166666666667
2023-10-18,87.20833333333333,175.83333333333334,287.34166666666664,22.541666666666668,85.60833333333333,109.04166666666667,122.90416666666665,72.66666666666667,0.0,1011.2916666666666,68.95833333333333,27.633333333333336,1.3833333333333335,1.43375
2023-10-19,66.83333333333333,146.41666666666666,136.02916666666667,14.566666666666668,62.225,83.5625,111.20833333333333,69.79166666666667,0.14583333333333334,1009.875,69.875,28.579166666666666,1.1666666666666667,1.8945833333333333
2023-10-20,35.041666666666664,100.125,123.10416666666667,8.654166666666667,76.14999999999999,43.82916666666667,78.32083333333334,71.20833333333333,0.0,1013.3333333333334,60.833333333333336,28.295833333333334,1.5708333333333335,2.16
2023-10-21,33.40291666666666,96.33333333333333,139.70000000000002,14.208333333333334,62.85,41.766666666666666,108.83333333333333,85.625,0.0,1016.8333333333334,45.458333333333336,26.5,1.7208333333333332,1.7625
2023-10-22,42.208333333333336,114.54166666666667,178.27916666666667,19.904166666666665,52.73333333333333,52.775,149.65,93.33333333333333,0.0,1017.0416666666666,60.375,25.59166666666667,1.0416666666666667,1.4370833333333335
2023-10-23,60.111250000000005,146.66666666666666,262.6166666666667,28.733333333333334,59.51666666666667,75.1625,170.23749999999998,91.625,0.0,1015.8333333333334,74.29166666666667,25.724999999999998,0.8624999999999999,1.2091666666666667
2023-10-24,64.75,156.66666666666666,281.51666666666665,25.0,73.92916666666666,80.95833333333333,156.26250000000002,70.29166666666667,0.0,1014.4583333333334,76.20833333333333,27.054166666666664,1.3,1.2237500000000001
2023-10-25,76.91666666666667,177.66666666666666,206.32500000000002,20.041666666666668,71.27916666666667,96.16666666666667,113.41666666666667,88.5,0.0,1013.5,74.5,27.954166666666666,1.2833333333333334,1.0475
2023-10-26,48.666666666666664,132.0,157.76250000000002,15.487499999999999,74.45833333333333,60.85,103.5,63.583333333333336,0.0,1012.8333333333334,68.625,28.47083333333333,1.05,1.52125
2023-10-27,95.875,170.0,177.82500000000002,17.1125,73.75,119.87083333333334,108.7375,55.791666666666664,0.0,1011.5416666666666,73.16666666666667,27.883333333333336,2.0208333333333335,0.97625
2023-10-28,38.916666666666664,106.79166666666667,143.9125,15.858333333333334,66.72083333333333,48.67083333333333,113.3875,86.08333333333333,0.052083333333333336,1012.5,80.91666666666667,26.4375,0.8875000000000001,1.5570833333333332
2023-10-29,37.791666666666664,106.0,134.67083333333332,14.683333333333332,53.625,47.262499999999996,97.07083333333333,99.29166666666667,0.6770833333333334,1014.125,90.20833333333333,24.1875,0.6791666666666667,1.7566666666666668
2023-10-30,20.875,69.08333333333333,195.6875,16.5,69.82083333333334,26.120833333333334,112.8875,62.416666666666664,0.0,1016.375,75.0,25.03333333333333,0.6916666666666668,1.6245833333333335
2023-10-31,59.666666666666664,148.33333333333334,208.20416666666665,16.0125,84.33333333333333,74.60000000000001,110.80833333333334,44.75,0.0,1017.0833333333334,71.58333333333333,25.4375,1.6416666666666666,1.32375
2023-11-01,61.541666666666664,156.75,214.73333333333335,15.612499999999999,97.94166666666666,76.96249999999999,115.8875,68.79166666666667,0.0,1015.9166666666666,75.54166666666667,25.650000000000002,1.5666666666666667,1.4158333333333333
2023-11-02,75.875,177.0,204.35,15.0,95.64166666666667,94.86666666666667,91.54166666666667,28.5,0.0,1012.9166666666666,74.66666666666667,26.162499999999998,1.1375,1.1845833333333333
2023-11-03,46.875,125.375,137.43333333333334,12.483333333333334,74.47083333333333,58.61666666666667,59.762499999999996,20.541666666666668,0.0,1010.0833333333334,75.375,27.329166666666666,1.325,1.5962500000000002
2023-11-04,30.208333333333332,90.20833333333333,106.46666666666665,10.779166666666667,71.07083333333334,37.7875,50.39166666666667,65.20833333333333,0.0,1010.2083333333334,80.04166666666667,27.90833333333333,1.45,1.7404166666666667
2023-11-05,30.88875,91.875,122.28333333333335,11.487499999999999,70.34583333333333,38.63333333333333,50.525,49.125,0.0,1010.9166666666666,79.875,28.275000000000002,1.2,1.6158333333333335
2023-11-06,29.625,88.25,115.24583333333334,14.358333333333334,59.19583333333333,37.05416666666667,91.75,77.58333333333333,0.25,1013.8333333333334,86.83333333333333,25.858333333333334,0.7999999999999999,1.4916666666666665
2023-11-07,47.194583333333334,117.0,243.72083333333333,23.041666666666668,72.91666666666667,64.98333333333333,148.23749999999998,98.16666666666667,0.0,1014.7083333333334,84.83333333333333,23.554166666666664,0.7374999999999999,1.1670833333333335
2023-11-08,60.97208333333333,149.875,247.33333333333334,23.445833333333336,60.333333333333336,89.05416666666667,132.95833333333334,76.375,0.0,1011.875,79.58333333333333,26.354166666666668,0.9083333333333333,1.2408333333333335
2023-11-09,30.139166666666668,89.83333333333333,116.8625,12.416666666666666,58.375,45.887499999999996,59.92916666666667,54.833333333333336,0.0,1011.5,78.25,28.079166666666666,1.1208333333333333,1.5316666666666665
2023-11-10,20.4025,68.125,106.64999999999999,11.529166666666667,54.375,30.291666666666668,57.208333333333336,25.666666666666668,0.0,1012.7083333333334,78.75,28.366666666666664,1.4916666666666665,1.9320833333333332
2023-11-11,26.36125,81.04166666666667,114.625,13.291666666666666,63.73333333333333,39.30833333333333,72.22500000000001,37.25,0.0,1013.6666666666666,79.54166666666667,28.316666666666666,1.5833333333333333,1.8604166666666666
2023-11-12,18.666666666666668,64.41666666666667,105.27916666666665,12.65,47.89166666666667,27.679166666666664,83.39999999999999,63.541666666666664,0.0,1015.9583333333334,85.66666666666667,26.9875,1.1041666666666667,1.7895833333333335
2023-11-13,10.666666666666666,43.583333333333336,159.44583333333333,13.141666666666666,28.625,15.179166666666667,92.4875,84.04166666666667,0.15625,1021.625,81.0,18.508333333333333,0.6208333333333333,1.7954166666666669
2023-11-14,23.847083333333334,75.75,212.42083333333335,19.125,37.916666666666664,34.52916666666667,134.73749999999998,82.54166666666667,0.0,1021.8333333333334,63.791666666666664,18.7375,0.6666666666666666,1.8320833333333333
2023-11-15,46.63916666666666,124.70833333333333,226.8166666666667,22.983333333333334,37.733333333333334,68.19583333333334,151.31666666666666,96.79166666666667,0.0,1019.75,74.70833333333333,20.625,0.8083333333333332,1.1575
2023-11-16,75.56916666666667,176.29166666666666,2457.5125000000003,12.4625,20.587500000000002,78.35833333333333,36.00416666666667,93.5,0.0,1025.5833333333333,58.541666666666664,20.633333333333333,0.6333333333333333,2.7458333333333336
2023-11-17,115.625,193.75,2951.7166666666667,16.720833333333335,16.291666666666668,116.04166666666667,33.225,23.041666666666668,0.0,1024.9166666666667,55.583333333333336,20.066666666666666,1.0333333333333334,1.5570833333333332
2023-11-18,172.20833333333334,233.29166666666666,1970.7833333333335,23.054166666666664,21.083333333333332,189.26250000000002,60.0375,19.833333333333332,0.09375,1021.5833333333334,53.708333333333336,19.933333333333334,1.9333333333333333,1.1479166666666667
2023-11-19,253.47208333333333,285.0833333333333,1118.4916666666666,47.42916666666667,9.9375,309.0625,20.195833333333333,34.791666666666664,0.0,1019.6666666666666,62.833333333333336,19.770833333333332,1.7333333333333334,1.12375
2023-11-20,212.23625,248.16666666666666,376.89166666666665,146.73333333333332,15.029166666666667,266.7083333333333,55.30416666666667,1.0833333333333333,0.0,1017.5833333333334,68.54166666666667,20.287499999999998,1.9208333333333334,1.4470833333333335
2023-11-21,233.69458333333333,256.25,344.6458333333333,156.20833333333334,17.158333333333335,284.3333333333333,89.39166666666667,17.833333333333332,0.0,1014.875,71.83333333333333,21.066666666666666,1.7666666666666666,1.28375
2023-11-22,221.81958333333333,235.58333333333334,395.5208333333333,151.25,12.9375,266.02500000000003,73.5,77.0,0.0,1013.7916666666666,84.45833333333333,21.216666666666665,0.8333333333333334,1.1570833333333332
2023-11-23,196.19458333333333,235.33333333333334,458.93333333333334,118.875,21.3875,242.11666666666667,71.48333333333333,69.58333333333333,0.0,1014.9166666666666,76.08333333333333,23.295833333333334,1.4541666666666666,1.115
2023-11-24,195.13875,229.70833333333334,442.9708333333333,85.125,18.354166666666668,238.27083333333334,70.08333333333333,80.95833333333333,0.0,1016.875,81.95833333333333,22.9375,1.2416666666666667,1.24875
2023-11-25,156.66666666666666,197.29166666666666,322.77500000000003,110.64999999999999,29.837500000000002,186.64166666666665,55.82083333333333,45.458333333333336,0.0,1017.5,74.33333333333333,24.020833333333332,1.4541666666666666,0.9433333333333334
2023-11-26,192.625,228.91666666666666,513.6666666666666,104.04166666666667,31.5,215.54583333333335,97.0,63.458333333333336,0.0,1018.375,75.25,23.691666666666666,0.7791666666666667,1.2208333333333334
2023-11-27,186.16666666666666,229.375,432.3416666666667,84.47083333333333,42.391666666666666,231.52083333333334,75.15416666666667,64.375,0.0,1017.2083333333334,76.66666666666667,23.72083333333333,1.4541666666666666,1.1908333333333334
2023-11-28,195.79208333333335,223.45833333333334,400.4583333333333,121.27916666666665,28.27916666666667,231.1833333333333,72.47083333333333,41.375,0.0,1016.7083333333334,72.33333333333333,22.766666666666666,1.5875000000000001,1.3166666666666667
2023-11-29,261.01375,265.0416666666667,431.12083333333334,60.862500000000004,67.14583333333333,299.27916666666664,96.31666666666666,60.208333333333336,0.0,1015.5833333333334,78.875,22.895833333333332,0.8041666666666667,1.2629166666666667
2023-11-30,173.54166666666666,219.20833333333334,284.40416666666664,31.695833333333336,51.25,211.71666666666667,139.23749999999998,91.83333333333333,0.0,1017.5416666666666,79.95833333333333,23.545833333333334,0.5791666666666667,1.5570833333333332
2023-12-01,48.861250000000005,130.04166666666666,230.36249999999998,83.73333333333333,38.17916666666667,78.54166666666667,92.05416666666667,100.0,0.0,1019.4166666666666,90.41666666666667,18.995833333333334,0.5666666666666667,2.2195833333333335
2023-12-02,68.04166666666667,163.29166666666666,229.8375,19.608333333333334,32.516666666666666,86.60833333333333,139.11249999999998,100.0,0.0,1019.9166666666666,78.70833333333333,18.1125,0.5625,1.3291666666666666
2023-12-03,70.56958333333334,164.875,245.5583333333333,47.208333333333336,25.983333333333334,98.175,122.2375,100.0,0.020833333333333332,1019.0,83.33333333333333,18.474999999999998,0.5666666666666667,1.3733333333333333
2023-12-04,48.93083333333333,134.29166666666666,235.5666666666667,32.27916666666667,24.224999999999998,65.74583333333332,145.27916666666667,100.0,0.0,1016.7916666666666,79.41666666666667,19.333333333333332,0.5625,1.0645833333333334
2023-12-05,72.02791666666667,164.08333333333334,366.97499999999997,67.08333333333333,22.316666666666666,91.21249999999999,117.375,96.79166666666667,0.0,1014.5,82.54166666666667,19.320833333333333,0.5791666666666667,0.9991666666666666
2023-12-06,74.44416666666667,159.66666666666666,283.0,80.41666666666667,29.28333333333333,97.42083333333333,117.80416666666667,89.29166666666667,0.020833333333333332,1017.5,82.70833333333333,20.891666666666666,0.6124999999999999,1.4933333333333334
2023-12-07,102.76375,182.04166666666666,485.0833333333333,104.08333333333333,33.40833333333333,150.38333333333333,69.75,20.958333333333332,0.0,1017.375,72.25,20.900000000000002,0.7416666666666667,1.2795833333333333
2023-12-08,104.92416666666666,195.66666666666666,334.15000000000003,68.30416666666666,57.6875,146.7125,63.237500000000004,10.041666666666666,0.010416666666666666,1013.375,70.29166666666667,21.5625,1.1333333333333333,1.8179166666666668
2023-12-09,93.45833333333333,195.08333333333334,319.4583333333333,69.125,43.175000000000004,116.00833333333333,61.57083333333333,51.541666666666664,0.0,1010.9166666666666,81.33333333333333,23.070833333333336,1.2750000000000001,1.1841666666666668
2023-12-10,72.8125,163.625,259.4375,52.94583333333333,38.791666666666664,91.20416666666667,41.31666666666667,64.5,0.0,1009.375,86.79166666666667,24.8,0.6041666666666666,1.2449999999999999
2023-12-11,62.041666666666664,150.625,231.95000000000002,63.97083333333333,23.379166666666666,81.35833333333333,45.987500000000004,90.625,0.0,1011.7916666666666,86.25,25.183333333333334,0.7166666666666667,1.0866666666666667
2023-12-12,52.0,137.5,301.2083333333333,68.72500000000001,29.941666666666666,73.94166666666666,73.1125,78.04166666666667,0.0,1013.625,87.04166666666667,24.891666666666666,1.0291666666666666,1.4445833333333333
2023-12-13,86.50708333333334,173.79166666666666,256.25416666666666,53.7875,29.879166666666666,112.67083333333333,54.17916666666667,72.54166666666667,0.0,1015.4166666666666,82.41666666666667,24.55,1.0,1.5445833333333334
2023-12-14,83.35416666666667,159.33333333333334,183.54166666666666,76.01666666666667,19.6875,109.7625,54.541666666666664,46.958333333333336,0.0,1014.375,78.25,25.429166666666664,0.75,1.62375
2023-12-15,59.0,141.29166666666666,187.98333333333335,96.8625,15.262500000000001,81.875,46.43333333333334,42.041666666666664,0.0,1012.7083333333334,79.875,25.391666666666666,0.9333333333333335,1.5795833333333331
2023-12-16,46.729166666666664,125.375,293.15000000000003,94.15416666666665,15.15,74.075,61.07916666666667,78.375,0.0,1017.375,73.16666666666667,20.9375,1.05,2.058333333333333
2023-12-17,38.625,108.66666666666667,229.52916666666667,57.75416666666666,21.212500000000002,57.083333333333336,92.27916666666665,87.375,0.0,1023.2083333333334,63.166666666666664,14.375,0.5583333333333333,2.0954166666666665
2023-12-18,66.85416666666667,160.70833333333334,186.75833333333333,49.24583333333334,9.120833333333334,80.45416666666667,129.5375,100.0,0.0,1020.5416666666666,69.58333333333333,15.558333333333332,0.6124999999999999,1.0508333333333333
2023-12-19,27.57625,84.41666666666667,216.9375,37.983333333333334,16.275000000000002,37.82083333333333,94.48333333333333,93.66666666666667,0.0,1021.5416666666666,73.29166666666667,14.112499999999999,0.5541666666666667,1.6458333333333333
2023-12-20,41.625,116.04166666666667,170.275,26.945833333333336,35.300000000000004,50.49583333333334,103.44583333333333,96.58333333333333,0.0,1023.8333333333334,60.75,14.85,0.7291666666666666,1.8341666666666667
2023-12-21,68.02083333333333,152.45833333333334,290.84166666666664,67.33333333333333,29.079166666666666,93.75,78.375,97.45833333333333,0.0,1025.625,41.708333333333336,16.495833333333334,1.0833333333333333,2.347916666666667
2023-12-22,65.4375,161.83333333333334,201.34583333333333,54.19166666666666,47.012499999999996,84.71666666666667,98.72083333333335,53.958333333333336,0.0,1029.2916666666667,39.333333333333336,13.549999999999999,1.5333333333333332,1.8308333333333333
2023-12-23,89.375,183.54166666666666,285.1666666666667,44.05416666666667,35.074999999999996,112.74583333333334,76.84583333333333,32.791666666666664,0.0,1028.8333333333333,43.916666666666664,13.825000000000001,1.6833333333333333,1.4291666666666665
2023-12-24,90.38208333333334,190.95833333333334,253.50833333333333,48.44583333333333,35.90416666666667,111.03750000000001,92.1125,93.54166666666667,0.0,1028.75,36.208333333333336,16.508333333333333,0.5875,1.9070833333333335
2023-12-25,88.39583333333333,174.54166666666666,370.5833333333333,132.7875,19.870833333333334,124.2,57.73333333333333,72.125,0.0,1025.0416666666667,38.166666666666664,16.879166666666666,1.3958333333333333,1.3345833333333335
2023-12-26,143.10416666666666,208.41666666666666,358.07916666666665,72.70833333333333,43.24583333333334,177.55416666666667,103.0,28.125,0.0,1022.9583333333334,59.125,15.375,1.7374999999999998,0.7779166666666667
2023-12-27,172.30541666666667,237.95833333333334,286.50416666666666,27.708333333333332,63.07083333333333,202.7541666666667,153.85833333333332,0.0,0.0,1022.1666666666666,66.29166666666667,17.224999999999998,1.4583333333333333,0.9154166666666667
2023-12-28,169.56958333333333,216.625,243.97083333333333,17.9875,72.94583333333334,211.99166666666667,134.35,32.25,0.0,1020.0416666666666,69.33333333333333,18.470833333333335,1.5708333333333335,1.1316666666666666
2023-12-29,189.65291666666667,209.25,260.81666666666666,47.4,46.38333333333333,240.6625,126.16666666666667,90.20833333333333,0.0,1018.375,78.625,20.645833333333332,0.9416666666666668,1.0604166666666666
2023-12-30,174.6525,208.16666666666666,312.78749999999997,61.84583333333333,43.14166666666667,212.51250000000002,111.40416666666665,96.66666666666667,0.0,1016.8333333333334,87.20833333333333,21.224999999999998,0.5458333333333333,0.9483333333333334
2023-12-31,131.76375000000002,195.10416666666666,297.69791666666663,67.66666666666666,50.78958333333334,164.83333333333334,105.70833333333333,84.0,0.0,1016.2083333333334,81.75,22.016666666666666,0.8770833333333332,1.2579166666666666
2024-01-01,88.875,182.04166666666666,282.60833333333335,73.4875,58.4375,117.15416666666665,100.0125,71.33333333333333,0.0,1015.5833333333334,76.29166666666667,22.808333333333334,1.2083333333333333,1.5675
2024-01-02,59.8125,150.33333333333334,150.70416666666668,11.987499999999999,78.5,74.59583333333333,63.625,76.95833333333333,0.0,1014.875,81.25,23.229166666666668,0.9916666666666667,1.45875
2024-01-03,49.166666666666664,128.16666666666666,246.4416666666667,30.820833333333336,43.5875,60.112500000000004,98.79166666666667,79.45833333333333,0.0,1018.2916666666666,78.83333333333333,19.341666666666665,0.5458333333333333,1.7616666666666667
2024-01-04,70.0,167.45833333333334,259.0208333333333,40.137499999999996,37.22083333333333,88.39999999999999,100.47083333333335,100.0,0.0,1017.7916666666666,71.125,19.3875,0.6041666666666666,1.54875
2024-01-05,99.41666666666667,203.0,382.06666666666666,65.52916666666667,49.137499999999996,114.72083333333335,70.08333333333333,90.5,0.0,1016.25,82.95833333333333,21.099999999999998,0.5583333333333333,1.09375
2024-01-06,71.02791666666667,163.375,174.07916666666665,17.4875,65.97916666666667,80.325,79.0125,89.16666666666667,0.0,1017.4166666666666,80.45833333333333,22.083333333333332,0.7041666666666666,0.9966666666666667
2024-01-07,49.0,134.25,172.66250000000002,47.70416666666667,46.6875,60.770833333333336,61.35,93.16666666666667,0.0,1016.9166666666666,80.20833333333333,22.341666666666665,0.9416666666666668,1.9979166666666668
2024-01-08,51.125,138.16666666666666,140.3125,14.070833333333333,76.71666666666667,57.51666666666667,53.75,92.125,0.0,1014.7916666666666,82.08333333333333,22.708333333333332,0.8125,1.86
2024-01-09,43.145833333333336,120.83333333333333,249.75,41.27916666666666,41.77916666666667,59.99583333333334,57.487500000000004,70.66666666666667,0.0,1013.6666666666666,83.875,23.02916666666667,0.9958333333333332,1.7195833333333335
2024-01-10,38.770833333333336,109.25,147.01250000000002,16.291666666666668,60.3375,42.69166666666666,92.91666666666667,99.125,0.08333333333333333,1015.1666666666666,91.70833333333333,20.645833333333332,0.5625,1.2483333333333333
2024-01-11,28.354166666666668,85.33333333333333,166.38750000000002,22.025000000000002,61.94583333333333,31.425,78.0125,100.0,0.0,1016.2916666666666,93.33333333333333,17.758333333333333,0.5666666666666667,1.2629166666666667
2024-01-12,25.36125,79.16666666666667,161.0625,24.891666666666666,53.71666666666667,28.983333333333334,67.83333333333333,100.0,0.0,1015.75,93.04166666666667,18.05,0.5708333333333333,1.2845833333333334
2024-01-13,42.666666666666664,117.875,124.83749999999999,38.40416666666667,48.725,50.35833333333333,66.57083333333334,100.0,0.10416666666666667,1017.1666666666666,93.58333333333333,18.537499999999998,0.5666666666666667,1.4316666666666666
2024-01-14,64.71541666666667,159.625,114.68333333333334,21.72083333333333,62.27916666666667,75.04166666666667,75.80416666666666,99.79166666666667,0.0,1018.3333333333334,90.70833333333333,19.629166666666666,0.5875,1.1570833333333332
2024-01-15,56.520833333333336,143.25,129.45416666666668,14.333333333333334,68.14999999999999,63.525,80.08333333333333,87.58333333333333,0.020833333333333332,1018.4583333333334,86.5,21.279166666666665,0.975,1.215
2024-01-16,51.75,132.91666666666666,265.2125,47.125,63.84166666666667,63.85,65.07083333333334,96.375,0.0,1017.6666666666666,88.04166666666667,20.341666666666665,0.6041666666666666,1.19
2024-01-17,62.36833333333333,143.41666666666666,289.5708333333333,51.887499999999996,39.487500000000004,82.8125,48.512499999999996,100.0,0.0,1016.0416666666666,94.45833333333333,20.6125,0.9166666666666666,1.2449999999999999
2024-01-18,32.729166666666664,95.33333333333333,103.60833333333333,14.333333333333334,70.74583333333334,37.199999999999996,46.90416666666667,59.125,0.0,1013.875,83.375,22.71666666666667,0.9874999999999999,2.1091666666666664
2024-01-19,35.40291666666666,101.33333333333333,99.55833333333334,30.695833333333336,52.887499999999996,41.34583333333333,42.1,65.66666666666667,0.0,1012.7083333333334,83.33333333333333,23.316666666666666,0.9,2.1233333333333335
2024-01-20,40.13875,113.0,106.4375,39.358333333333334,38.829166666666666,47.44166666666666,60.525,82.70833333333333,0.0,1013.1666666666666,81.83333333333333,23.616666666666664,0.9375,1.99875
2024-01-21,38.479166666666664,109.58333333333333,202.7125,17.933333333333334,33.708333333333336,42.57083333333333,105.875,84.33333333333333,0.0,1017.0416666666666,92.625,16.920833333333334,0.5833333333333334,1.7404166666666667
2024-01-22,17.763749999999998,62.041666666666664,87.55,82.1375,12.970833333333333,20.404166666666665,49.9,87.45833333333333,0.0,1021.7916666666666,79.625,12.745833333333332,0.5958333333333333,3.095416666666667
2024-01-23,32.367916666666666,94.91666666666667,180.02916666666667,13.762500000000001,53.958333333333336,35.987500000000004,118.22500000000001,98.29166666666667,0.08333333333333333,1027.6666666666667,61.708333333333336,10.725,0.6541666666666667,1.9145833333333335
2024-01-24,41.166666666666664,116.58333333333333,153.60833333333332,15.375,50.012499999999996,45.19583333333333,146.41666666666666,100.0,0.0,1027.8333333333333,61.291666666666664,10.433333333333334,0.75,1.7620833333333332
2024-01-25,55.583333333333336,146.08333333333334,135.14166666666668,10.75,51.14166666666667,62.07083333333333,101.31666666666666,100.0,0.0,1027.7083333333333,60.5,11.545833333333334,0.9958333333333332,1.7266666666666666
2024-01-26,73.60416666666667,173.95833333333334,206.5666666666667,31.945833333333336,29.204166666666666,86.05416666666667,73.90416666666667,100.0,0.020833333333333332,1026.5,62.791666666666664,12.404166666666667,0.6375000000000001,1.66875
2024-01-27,70.04875,169.125,174.20000000000002,17.941666666666666,32.34166666666667,79.37083333333334,60.987500000000004,100.0,0.07291666666666667,1025.625,78.125,11.141666666666666,0.625,1.6183333333333334
2024-01-28,49.34708333333333,135.16666666666666,150.6625,8.237499999999999,45.17916666666667,53.87916666666666,65.85833333333333,100.0,0.0,1025.25,68.75,12.625,0.6124999999999999,1.6470833333333335
2024-01-29,75.83333333333333,175.25,271.71250000000003,30.34583333333333,27.487499999999997,84.91250000000001,124.25,96.66666666666667,0.020833333333333332,1021.7083333333334,81.83333333333333,13.258333333333333,0.9916666666666667,1.1958333333333333
2024-01-30,76.11708333333333,176.29166666666666,2491.0916666666667,25.15833333333333,15.108333333333334,98.58333333333333,34.43333333333333,100.0,0.0,1018.4166666666666,89.95833333333333,15.15,0.6541666666666667,0.9804166666666667
2024-01-31,75.19958333333334,174.5,3326.3375,35.84166666666667,15.520833333333334,106.53333333333335,3.1374999999999997,100.0,0.0,1015.9583333333334,90.66666666666667,17.087500000000002,0.6666666666666666,1.2058333333333333
2024-02-01,161.64708333333334,223.33333333333334,1963.8541666666667,118.8,14.2125,209.72916666666666,59.96666666666667,100.0,0.0,1014.75,90.20833333333333,19.329166666666666,0.7374999999999999,0.8995833333333333
2024-02-02,148.63916666666668,191.54166666666666,348.5708333333334,67.79166666666667,31.045833333333334,182.60416666666666,48.05833333333334,81.04166666666667,0.0,1013.1666666666666,87.45833333333333,22.21666666666667,0.8041666666666667,1.9175000000000002
2024-02-03,25.144583333333333,80.54166666666667,3011.2000000000003,14.375,21.508333333333336,37.99583333333333,4.8500000000000005,100.0,0.0,1013.5833333333334,91.875,22.212500000000002,0.6916666666666668,1.4983333333333333
2024-02-04,26.351249999999997,81.33333333333333,2761.0416666666665,15.958333333333334,28.695833333333336,36.56666666666667,9.679166666666665,64.95833333333333,0.0,1012.3333333333334,84.25,23.90833333333333,1.2833333333333334,1.2229166666666667
2024-02-05,28.167083333333334,85.16666666666667,2425.5958333333333,18.8875,22.179166666666664,35.637499999999996,18.570833333333333,83.20833333333333,0.0,1013.1666666666666,88.20833333333333,23.579166666666666,0.6666666666666666,2.3945833333333333
2024-02-06,39.560833333333335,115.75,2867.3624999999997,20.570833333333333,19.045833333333334,55.02916666666667,22.583333333333332,98.29166666666667,0.0,1014.125,93.125,21.129166666666666,0.6625,1.9983333333333333
2024-02-07,50.112500000000004,115.875,1935.6916666666666,19.3,17.5125,70.4375,18.066666666666666,100.0,0.0,1014.5416666666666,90.41666666666667,16.383333333333333,0.6625,2.2816666666666667
2024-02-08,20.2025,67.54166666666667,1132.1,12.795833333333334,23.72083333333333,28.662499999999998,17.845833333333335,100.0,0.0,1017.3333333333334,74.79166666666667,13.691666666666668,0.6749999999999999,1.87375
2024-02-09,26.359583333333333,82.0,1450.5291666666665,10.625,17.337500000000002,34.791666666666664,2.970833333333333,98.29166666666667,0.0,1023.3333333333334,65.58333333333333,14.7875,0.9333333333333332,1.5779166666666666
2024-02-10,53.18,126.41666666666667,1703.2583333333332,10.158333333333333,22.520833333333332,80.3,12.637500000000001,93.54166666666667,0.0,1026.0,63.958333333333336,17.508333333333333,1.3125,1.4091666666666667
2024-02-11,34.5925,99.08333333333333,1787.5708333333332,11.129166666666668,27.212500000000002,48.27916666666667,18.545833333333334,66.58333333333333,0.0,1025.625,60.166666666666664,18.620833333333334,1.2708333333333333,1.1629166666666666
2024-02-12,39.35333333333333,110.79166666666667,1668.7208333333335,10.966666666666667,25.958333333333332,55.24583333333334,10.329166666666667,11.333333333333334,0.0,1022.125,70.875,18.325,2.120833333333333,1.4833333333333334
2024-02-13,29.346249999999998,87.91666666666667,1469.5666666666666,10.033333333333333,23.541666666666668,42.262499999999996,4.370833333333334,58.541666666666664,0.0,1018.5833333333334,79.08333333333333,20.666666666666668,0.7374999999999999,2.2341666666666664
2024-02-14,24.757499999999997,77.58333333333333,1596.2625,9.700000000000001,30.354166666666668,36.43333333333333,8.700000000000001,96.29166666666667,0.0,1016.1666666666666,82.41666666666667,22.079166666666666,0.7291666666666666,1.7616666666666667
2024-02-15,34.11958333333333,97.33333333333333,2367.6541666666667,18.3125,21.2375,48.395833333333336,9.845833333333333,99.45833333333333,0.0,1017.1666666666666,89.41666666666667,21.308333333333334,0.7000000000000001,1.6708333333333334
2024-02-16,45.22,122.41666666666667,2911.620833333334,13.495833333333332,32.42916666666667,58.416666666666664,18.683333333333334,82.83333333333333,0.0,1017.4166666666666,83.08333333333333,21.441666666666666,0.7291666666666666,1.5058333333333334
2024-02-17,31.592083333333335,93.5,2203.3083333333334,13.112499999999999,21.279166666666665,45.225,2.6,87.16666666666667,0.0,1012.0833333333334,81.20833333333333,22.03333333333333,0.8125,2.1783333333333332
2024-02-18,27.6075,84.20833333333333,2599.5416666666665,9.6,27.008333333333336,38.666666666666664,8.508333333333333,76.33333333333333,0.0,1009.6666666666666,85.5,23.895833333333332,1.0791666666666666,1.9000000000000001
2024-02-19,26.530416666666667,82.41666666666667,2994.9083333333333,10.225,29.487499999999997,35.34166666666667,15.487499999999999,93.20833333333333,0.0,1009.5833333333334,88.58333333333333,24.608333333333334,1.3499999999999999,2.294166666666667
2024-02-20,37.925000000000004,108.0,2809.4833333333336,10.091666666666667,26.2,51.29583333333333,8.979166666666666,90.45833333333333,0.0,1007.625,89.79166666666667,24.395833333333332,1.6708333333333334,1.8641666666666667
2024-02-21,33.54125,98.25,3165.0333333333333,11.845833333333333,23.854166666666668,46.02916666666667,14.995833333333332,90.625,0.0,1008.0,85.25,25.629166666666666,1.8291666666666666,2.127083333333333
2024-02-22,25.290000000000003,78.66666666666667,2906.4833333333336,9.575000000000001,21.266666666666666,34.012499999999996,13.133333333333333,78.08333333333333,0.0,1011.2083333333334,94.125,24.133333333333336,0.7541666666666668,1.3445833333333335
2024-02-23,35.05916666666666,101.45833333333333,1959.0916666666665,8.883333333333333,22.254166666666666,39.86666666666667,15.929166666666667,78.04166666666667,0.0,1015.0416666666666,94.54166666666667,19.458333333333332,0.7374999999999999,1.4983333333333333
2024-02-24,11.643749999999999,46.5,1626.2208333333335,6.9375,18.816666666666666,13.016666666666666,12.4375,75.0,0.0,1019.1666666666666,93.45833333333333,13.366666666666667,0.7374999999999999,1.7479166666666668
2024-02-25,14.977916666666667,55.5,1229.0874999999999,11.208333333333334,16.8625,17.379166666666666,14.545833333333334,85.83333333333333,0.0,1019.7916666666666,85.0,13.329166666666666,0.75,1.065
2024-02-26,30.027916666666666,89.83333333333333,765.6750000000001,13.833333333333334,22.541666666666668,36.7875,45.979166666666664,90.5,0.0,1019.375,85.95833333333333,13.970833333333333,0.7541666666666668,1.1066666666666667
2024-02-27,14.622916666666667,54.25,1180.9583333333333,13.275,16.3875,21.3,31.3625,90.58333333333333,0.0,1019.7916666666666,81.95833333333333,13.424999999999999,0.7625000000000001,1.8308333333333333
2024-02-28,31.93875,93.75,1651.75,10.975,18.645833333333332,44.262499999999996,12.516666666666666,100.0,0.0,1015.75,88.20833333333333,13.891666666666666,0.775,1.25
2024-02-29,15.395833333333334,55.416666666666664,1543.6541666666665,12.858333333333334,16.375,20.404166666666665,13.708333333333334,100.0,0.0,1017.1666666666666,83.375,14.745833333333332,0.7625000000000001,2.0570833333333334
2024-03-01,16.2068,57.24,1216.96,12.944,26.308000000000003,21.064,30.355999999999998,100.0,0.01,1020.8,67.96,14.652000000000001,0.7559999999999999,1.646
2024-03-02,37.38916666666667,105.54166666666667,1601.9833333333333,19.695833333333333,22.133333333333336,53.5,29.5625,96.79166666666667,0.0,1020.9583333333334,61.916666666666664,14.825000000000001,0.8791666666666668,1.5220833333333335
2024-03-03,52.50458333333333,135.45833333333334,2857.7833333333333,31.662499999999998,19.125,82.54166666666667,30.108333333333334,96.0,0.0,1013.5,78.33333333333333,16.970833333333335,1.0374999999999999,1.65125
2024-03-04,66.70833333333333,153.04166666666666,4067.3333333333335,28.879166666666666,24.016666666666666,94.00833333333333,20.004166666666666,87.79166666666667,0.0,1006.25,90.41666666666667,18.295833333333334,2.129166666666667,1.6854166666666668
2024-03-05,104.58458333333333,209.875,4318.779166666666,41.641666666666666,33.38333333333333,162.91666666666666,35.12083333333333,67.625,0.0,1003.2916666666666,82.875,22.8875,2.275,1.2770833333333333
2024-03-06,75.34333333333333,173.95833333333334,6096.233333333334,25.175,30.8,115.47916666666667,23.729166666666668,95.83333333333333,0.0,1006.75,77.33333333333333,24.358333333333334,2.529166666666667,2.012916666666667
2024-03-07,54.213750000000005,137.41666666666666,3537.4166666666665,29.866666666666664,23.90833333333333,83.31666666666666,14.004166666666668,100.0,0.0,1013.1666666666666,67.625,21.945833333333336,0.9249999999999999,1.5566666666666666
2024-03-08,79.79541666666667,175.54166666666666,4381.204166666666,59.69583333333333,18.158333333333335,125.67916666666667,22.116666666666664,100.0,0.03125,1015.75,86.66666666666667,19.441666666666666,0.8458333333333333,0.8424999999999999
2024-03-09,57.875416666666666,144.20833333333334,2907.9541666666664,32.69583333333333,18.662499999999998,90.10833333333333,11.920833333333334,93.625,0.21875,1015.625,86.83333333333333,17.920833333333334,0.8458333333333333,1.3708333333333333
2024-03-10,38.077083333333334,109.54166666666667,560.6333333333333,53.6875,18.941666666666666,58.949999999999996,59.37916666666666,90.79166666666667,0.0,1017.1666666666666,89.875,16.945833333333333,0.8541666666666666,1.1512499999999999
2024-03-11,34.9925,98.29166666666667,1182.6208333333334,60.05416666666667,20.933333333333334,58.387499999999996,36.733333333333334,70.91666666666667,0.0,1018.7916666666666,77.04166666666667,19.45416666666667,1.4625000000000001,1.7041666666666666
2024-03-12,91.49291666666666,183.66666666666666,583.6,57.69166666666666,48.42916666666667,115.66666666666667,118.33333333333333,66.33333333333333,0.0,1015.8333333333334,76.79166666666667,21.020833333333332,1.4083333333333332,1.8408333333333333
2024-03-13,71.03458333333333,167.66666666666666,244.275,32.90416666666667,57.895833333333336,84.58333333333333,98.16666666666667,93.70833333333333,0.0,1013.0416666666666,86.79166666666667,21.095833333333335,0.8791666666666668,1.22875
2024-03-14,43.083333333333336,120.91666666666667,133.34583333333333,22.333333333333332,44.09583333333333,53.3375,63.60833333333333,75.0,0.0,1012.4583333333334,95.08333333333333,21.008333333333333,0.8708333333333332,1.1258333333333332
2024-03-15,52.708333333333336,137.95833333333334,220.0666666666667,78.65416666666667,19.791666666666668,67.12083333333334,46.51666666666667,83.0,0.0,1011.875,93.08333333333333,21.641666666666666,0.8791666666666668,1.0066666666666666
2024-03-16,36.739583333333336,104.91666666666667,3395.475,27.53333333333333,33.958333333333336,50.958333333333336,23.3,90.08333333333333,0.0,1012.9583333333334,93.0,23.0625,0.8833333333333333,1.8933333333333333
2024-03-17,39.505833333333335,113.33333333333333,3854.0458333333336,30.820833333333336,21.2375,52.916666666666664,20.929166666666667,96.83333333333333,0.0,1012.375,91.08333333333333,23.599999999999998,0.9041666666666667,1.4562499999999998
2024-03-18,32.30833333333333,96.29166666666667,3382.625,34.21666666666667,31.854166666666668,42.24166666666667,19.8875,90.45833333333333,0.0,1011.9583333333334,91.25,23.9375,0.8958333333333334,1.3283333333333334
2024-03-19,22.895416666666666,73.58333333333333,1471.1083333333333,42.65833333333334,28.7375,29.587500000000002,14.4125,87.375,0.03125,1018.3333333333334,88.04166666666667,20.0625,0.9,2.4345833333333333
2024-03-20,36.30916666666666,102.45833333333333,2950.8375,56.86666666666667,17.133333333333333,56.4125,14.9,100.0,0.7083333333333334,1021.4166666666666,73.125,19.833333333333332,0.9041666666666667,1.0137500000000002
2024-03-21,94.50875,180.41666666666666,1148.8666666666666,85.925,29.40416666666667,156.30833333333334,150.07916666666668,35.041666666666664,0.041666666666666664,1014.125,72.66666666666667,21.650000000000002,2.1125000000000003,1.5595833333333333
2024-03-22,74.97791666666667,174.16666666666666,858.6333333333333,51.09583333333333,28.28333333333333,110.35833333333333,32.729166666666664,89.58333333333333,0.09375,1008.0833333333334,87.58333333333333,21.7375,1.0,2.02625
2024-03-23,44.117916666666666,120.125,784.4958333333334,45.775,26.116666666666664,56.8125,17.083333333333332,70.375,0.09375,1006.4166666666666,83.95833333333333,25.412499999999998,1.5208333333333333,2.0816666666666666
2024-03-24,35.18833333333333,101.33333333333333,826.2666666666668,42.78333333333333,26.195833333333336,41.44583333333333,3.2583333333333333,92.66666666666667,0.0,1009.0416666666666,89.83333333333333,25.287499999999998,1.3458333333333332,1.6304166666666668
2024-03-25,32.152499999999996,93.625,1382.3708333333334,54.30833333333334,22.670833333333334,39.670833333333334,19.5,85.45833333333333,0.0,1010.8333333333334,85.66666666666667,26.633333333333336,1.0999999999999999,1.7591666666666665
2024-03-26,34.514583333333334,99.95833333333333,1254.8166666666666,44.104166666666664,21.391666666666666,46.40416666666667,28.129166666666666,70.20833333333333,0.020833333333333332,1013.9583333333334,81.08333333333333,26.7375,1.2791666666666666,2.16375
2024-03-27,46.25333333333333,126.875,1562.4666666666665,26.99166666666667,23.1125,58.36666666666667,19.400000000000002,79.29166666666667,0.21875,1013.3333333333334,80.41666666666667,26.554166666666664,1.1208333333333333,2.3583333333333334
2024-03-28,44.81,123.70833333333333,1900.3833333333332,31.96666666666667,22.691666666666666,53.85,22.270833333333332,92.41666666666667,0.7604166666666666,1011.75,89.95833333333333,24.441666666666666,1.2375,2.5795833333333333
2024-03-29,44.31125,121.79166666666667,2441.4125,42.56666666666667,20.3125,56.13333333333333,21.7625,60.125,0.21875,1009.4166666666666,89.29166666666667,23.291666666666668,1.1833333333333333,2.1
2024-03-30,54.193333333333335,143.95833333333334,2524.304166666667,49.75416666666666,21.34583333333333,74.00416666666666,14.304166666666667,41.625,0.041666666666666664,1007.9583333333334,87.45833333333333,25.170833333333334,1.3875,2.9858333333333333
2024-03-31,59.03375,151.83333333333334,1112.8666666666666,46.09166666666667,28.495833333333334,75.08749999999999,12.487499999999999,9.791666666666666,0.4166666666666667,1006.5833333333334,84.125,27.458333333333332,1.7249999999999999,2.625
2024-04-01,62.107600000000005,154.8,1236.796,37.344,47.18,86.84,19.932000000000002,15.68,0.0,1003.36,84.2,27.744,1.804,3.338
2024-04-02,58.48708333333334,150.0,1488.7041666666667,39.82083333333333,45.48333333333334,80.34583333333333,13.270833333333334,63.083333333333336,0.0,1002.9583333333334,84.41666666666667,27.7625,2.8333333333333335,2.842083333333333
2024-04-03,58.93875,150.0,1355.9166666666667,46.487500000000004,43.262499999999996,81.54583333333333,22.125,73.20833333333333,0.0,1003.1666666666666,83.66666666666667,28.40833333333333,3.1333333333333333,1.7054166666666666
2024-04-04,55.29833333333334,144.75,1288.3666666666666,36.858333333333334,40.21666666666667,78.64166666666667,25.866666666666664,91.04166666666667,0.0,1003.9166666666666,85.875,28.15833333333333,3.079166666666667,1.6925
2024-04-05,42.52833333333333,116.875,1212.3166666666666,35.987500000000004,30.224999999999998,61.36666666666667,18.508333333333333,92.58333333333333,0.0,1006.0416666666666,90.83333333333333,26.545833333333334,1.0583333333333333,2.220833333333333
2024-04-06,41.24208333333333,115.625,1107.8083333333334,30.833333333333332,26.145833333333332,55.49166666666667,33.354166666666664,89.95833333333333,0.0,1007.3333333333334,89.16666666666667,25.633333333333336,1.0916666666666666,1.62375
2024-04-07,40.556666666666665,116.75,963.6208333333334,32.25833333333333,28.46666666666667,84.06666666666666,13.604166666666666,87.41666666666667,0.0,1006.4166666666666,93.08333333333333,24.8125,0.9958333333333332,1.3741666666666665
2024-04-08,19.628333333333334,113.95833333333333,845.2333333333332,48.5,26.358333333333334,173.10416666666666,13.345833333333333,90.58333333333333,0.010416666666666666,1010.5416666666666,81.16666666666667,23.379166666666666,0.9958333333333332,1.20625
2024-04-09,33.337916666666665,142.54166666666666,929.0375,45.27916666666667,29.483333333333334,215.75,21.729166666666668,88.83333333333333,0.03125,1013.375,90.0,22.52916666666667,1.0083333333333333,1.2483333333333333
2024-04-10,52.93541666666667,173.04166666666666,961.9041666666667,25.191666666666666,32.458333333333336,232.60416666666666,23.5,96.79166666666667,0.010416666666666666,1013.2083333333334,91.20833333333333,23.566666666666666,1.0291666666666666,1.22625
2024-04-11,52.72208333333333,185.66666666666666,851.6041666666666,18.754166666666666,26.504166666666666,266.22083333333336,29.945833333333336,84.08333333333333,0.0,1012.0833333333334,86.95833333333333,26.025000000000002,1.1125,1.6933333333333334
2024-04-12,37.15416666666667,139.08333333333334,722.7208333333333,21.504166666666666,27.75,191.7458333333333,11.804166666666667,90.58333333333333,0.0,1010.2083333333334,81.75,27.120833333333334,1.1583333333333334,2.0425
2024-04-13,41.764583333333334,390.6666666666667,349.875,10.591666666666667,58.833333333333336,827.1333333333333,50.65416666666667,95.58333333333333,0.0,1007.5416666666666,80.5,27.683333333333334,1.2166666666666666,2.435
2024-04-14,51.416666666666664,500.0,101.10416666666667,10.833333333333334,75.05833333333334,1103.0,77.5,100.0,0.0,1007.2083333333334,82.25,27.820833333333336,1.175,1.9841666666666666
2024-04-15,40.94083333333334,282.4166666666667,1090.9833333333333,21.041666666666668,33.525,537.7708333333334,26.979166666666668,90.83333333333333,0.3958333333333333,1008.4166666666666,85.08333333333333,27.2625,1.1291666666666667,1.8866666666666667
2024-04-16,28.967083333333335,158.79166666666666,1673.5583333333334,26.712500000000002,27.558333333333334,196.5625,7.75,54.166666666666664,0.13541666666666666,1006.9583333333334,76.625,28.083333333333332,2.1875,2.0120833333333334
2024-04-17,34.944583333333334,122.08333333333333,2121.8166666666666,25.2,31.141666666666666,154.9625,8.5625,85.33333333333333,0.4270833333333333,1005.4583333333334,84.58333333333333,27.758333333333336,1.2625,1.7725
2024-04-18,32.939166666666665,128.91666666666666,1400.8416666666665,24.77916666666667,34.645833333333336,163.66666666666666,17.416666666666668,55.583333333333336,0.3958333333333333,1003.7916666666666,83.95833333333333,27.650000000000002,2.0458333333333334,1.8679166666666667
2024-04-19,33.68833333333333,106.5,1796.4583333333333,24.78333333333333,39.112500000000004,141.92916666666667,12.279166666666667,69.08333333333333,0.0,1001.0833333333334,82.20833333333333,28.791666666666668,1.9625000000000001,2.3745833333333333
2024-04-20,43.67791666666667,234.20833333333334,1185.0583333333334,23.616666666666664,52.12916666666666,307.22083333333336,25.1125,60.5,0.40625,1000.875,79.875,29.016666666666666,2.9625,2.3058333333333336
2024-04-21,54.75,427.1666666666667,123.47500000000001,9.166666666666666,115.52916666666665,605.75,95.72083333333335,85.45833333333333,0.010416666666666666,1003.0833333333334,83.45833333333333,27.666666666666668,1.9791666666666667,1.8075
2024-04-22,53.604166666666664,252.5,276.9916666666667,8.945833333333333,66.61666666666666,277.3958333333333,91.85833333333333,93.41666666666667,0.2916666666666667,1005.4583333333334,81.75,27.358333333333334,1.1333333333333333,1.2816666666666665
2024-04-23,52.0625,138.54166666666666,320.175,12.237499999999999,46.57083333333333,87.89583333333333,84.07083333333334,97.91666666666667,0.0,1004.6666666666666,79.5,28.629166666666666,1.3875,1.4158333333333333
2024-04-24,91.27083333333333,211.75,485.4083333333333,8.875,34.99166666666667,178.97916666666666,88.06666666666666,91.20833333333333,0.5833333333333334,1005.125,85.29166666666667,27.054166666666664,1.0708333333333333,1.5816666666666668
2024-04-25,101.0,204.04166666666666,453.5,8.0,83.61666666666666,139.22916666666666,74.15416666666667,64.66666666666667,0.3125,1002.5833333333334,80.83333333333333,29.045833333333334,2.2583333333333333,2.22375
2024-04-26,110.99125,200.70833333333334,831.975,16.241666666666667,96.57083333333333,145.32083333333333,75.47083333333333,38.916666666666664,0.0,999.625,76.25,31.395833333333332,2.904166666666667,1.5316666666666665
2024-04-27,68.15625,151.375,1433.2416666666668,28.204166666666666,73.67083333333333,91.325,9.733333333333333,38.333333333333336,0.0,998.4166666666666,60.375,32.9625,3.3958333333333335,1.3816666666666666
2024-04-28,55.74,133.45833333333334,1356.875,25.241666666666664,48.23333333333333,76.34583333333333,4.0,24.958333333333332,0.0,1000.5833333333334,74.625,31.47083333333333,3.375,1.8820833333333333
2024-04-29,46.14791666666667,123.66666666666667,1301.425,27.195833333333336,44.975,65.85833333333333,9.104166666666666,36.458333333333336,0.0,1003.125,82.54166666666667,30.008333333333336,2.879166666666667,2.638333333333333
2024-04-30,61.15541666666667,142.70833333333334,1534.6458333333333,27.570833333333336,60.5625,81.95416666666667,4.0,16.458333333333332,0.0,998.6666666666666,72.41666666666667,31.84583333333333,3.15,1.7183333333333335
2024-05-01,27.552916666666665,84.45833333333333,2109.3250000000003,26.724999999999998,42.09166666666667,40.71666666666667,21.90416666666667,94.0,0.08333333333333333,1002.5416666666666,79.91666666666667,26.666666666666668,1.1500000000000001,3.0033333333333334
2024-05-02,21.605,70.625,2489.9500000000003,25.5125,29.53333333333333,29.84166666666667,20.625,90.0,0.8958333333333334,1006.75,88.83333333333333,24.770833333333332,1.0625,1.4262500000000002
2024-05-03,21.2175,69.875,1936.325,39.8125,24.458333333333332,30.508333333333336,27.0,73.08333333333333,1.4791666666666667,1006.5,88.79166666666667,25.541666666666668,1.2750000000000001,1.5420833333333333
2024-05-04,26.723333333333333,82.20833333333333,1241.0375000000001,44.479166666666664,34.62083333333333,40.8125,21.479166666666668,57.208333333333336,0.0,1003.2083333333334,81.375,28.633333333333336,2.6999999999999997,1.8595833333333334
2024-05-05,27.546666666666667,84.25,2354.4,38.05833333333333,29.075,45.354166666666664,6.5,98.75,0.7395833333333334,1007.0,75.25,27.241666666666664,1.0958333333333334,1.29
2024-05-06,30.722083333333334,90.75,2315.3624999999997,34.69166666666667,20.0125,47.97083333333333,13.025,70.45833333333333,1.4479166666666667,1009.4166666666666,81.70833333333333,26.620833333333334,1.0958333333333334,1.2854166666666667
2024-05-07,41.54,113.83333333333333,2030.2166666666665,30.258333333333336,21.366666666666664,62.137499999999996,8.5,94.66666666666667,0.0,1011.5416666666666,85.33333333333333,27.712500000000002,1.1875,1.1033333333333333
2024-05-08,33.92,98.83333333333333,1743.6499999999999,28.0,21.787499999999998,51.875,21.033333333333335,67.58333333333333,0.09375,1010.7916666666666,85.33333333333333,27.77916666666667,1.2541666666666667,1.9558333333333333
2024-05-09,22.858333333333334,73.375,1487.6625000000001,28.991666666666664,19.208333333333332,35.35,17.166666666666668,81.91666666666667,0.0,1011.375,86.375,26.400000000000002,1.5833333333333333,1.5079166666666666
2024-05-10,35.516666666666666,99.54166666666667,856.0791666666668,28.620833333333334,21.570833333333336,55.1625,23.695833333333336,75.58333333333333,0.0,1010.1666666666666,81.29166666666667,28.037499999999998,2.3166666666666664,1.6541666666666668
2024-05-11,32.80125,92.66666666666667,775.0875,29.362499999999997,18.004166666666666,52.60833333333333,46.42916666666667,48.875,0.010416666666666666,1009.5416666666666,81.54166666666667,29.070833333333336,1.6333333333333335,2.0258333333333334
2024-05-12,26.39708333333333,80.20833333333333,754.7583333333333,23.379166666666666,25.291666666666668,38.920833333333334,21.683333333333334,64.0,0.5729166666666666,1009.0833333333334,81.375,28.7625,1.8833333333333335,1.5337500000000002
2024-05-13,20.19125,67.875,1105.5583333333334,26.291666666666668,22.745833333333334,31.858333333333334,16.041666666666668,62.375,1.9895833333333333,1010.6666666666666,79.16666666666667,26.895833333333332,1.1458333333333333,1.54625
2024-05-14,46.19166666666666,103.91666666666667,1098.5791666666667,26.145833333333332,41.1,68.28333333333333,32.479166666666664,49.583333333333336,0.0,1010.0,78.0,27.995833333333334,2.6958333333333333,1.4783333333333333
2024-05-15,30.08375,89.79166666666667,828.7708333333334,22.03333333333333,20.891666666666666,50.82916666666667,23.858333333333334,75.0,0.13541666666666666,1010.875,83.875,28.1875,1.8,1.3062500000000001
2024-05-16,43.54833333333334,117.25,526.1708333333333,23.170833333333334,28.5,71.12916666666666,30.0125,73.66666666666667,0.3020833333333333,1011.5,76.25,27.9875,1.4875,1.1341666666666665
2024-05-17,46.18875,110.41666666666667,1107.3166666666666,29.25,28.204166666666666,75.82083333333334,12.9,85.45833333333333,0.0,1008.7083333333334,72.375,28.2625,1.9208333333333334,1.5395833333333335
2024-05-18,29.529583333333335,84.29166666666667,891.5416666666666,24.395833333333332,29.308333333333334,49.80416666666667,18.229166666666668,66.91666666666667,0.052083333333333336,1003.5,82.5,29.47083333333333,1.0833333333333333,1.8875
2024-05-19,27.445000000000004,81.83333333333333,915.9291666666667,25.420833333333334,29.400000000000002,43.862500000000004,12.3375,78.79166666666667,1.3125,1001.1666666666666,87.66666666666667,28.683333333333334,1.1458333333333333,1.675
2024-05-20,29.999583333333334,89.0,1155.3958333333333,26.920833333333334,24.2375,48.98333333333333,26.366666666666664,75.16666666666667,0.23958333333333334,1004.7083333333334,84.54166666666667,27.46666666666667,1.9749999999999999,1.4070833333333335
2024-05-21,36.12833333333334,102.33333333333333,1332.4833333333333,30.104166666666668,29.474999999999998,56.3375,30.320833333333336,79.0,0.0,1006.5833333333334,77.75,28.59583333333333,1.1208333333333333,1.2125000000000001
2024-05-22,40.45083333333333,112.16666666666667,1025.3583333333333,29.520833333333332,28.662499999999998,55.520833333333336,26.379166666666666,78.54166666666667,0.0,1007.5416666666666,74.83333333333333,29.09166666666667,1.25,1.3391666666666666
2024-05-23,44.76541666666666,120.08333333333333,1261.6916666666666,28.566666666666666,38.012499999999996,63.354166666666664,29.57083333333333,87.70833333333333,0.15625,1006.9166666666666,84.83333333333333,27.704166666666666,1.325,1.12875
2024-05-24,42.74,116.79166666666667,1289.9416666666666,31.900000000000002,21.604166666666668,66.89166666666667,17.816666666666666,81.58333333333333,0.8541666666666666,1006.5416666666666,79.625,29.15833333333333,2.375,1.33375
2024-05-25,18.952083333333334,64.375,876.9250000000001,25.383333333333336,23.420833333333334,31.625,11.470833333333333,85.75,3.5520833333333335,1006.2083333333334,88.375,28.59166666666667,1.425,1.8862500000000002
2024-05-26,16.785416666666666,59.041666666666664,658.6750000000001,20.745833333333334,17.6125,25.337500000000002,22.77916666666667,83.25,0.13541666666666666,1004.125,81.5,30.5625,1.5625,2.2275
2024-05-27,28.215416666666666,85.75,151.70833333333334,6.6499999999999995,6.816666666666666,43.67916666666667,24.5125,67.75,0.375,1000.0416666666666,71.20833333333333,32.295833333333334,1.4958333333333333,1.7570833333333333
2024-05-28,54.8125,139.66666666666666,392.0625,15.125,6.95,92.14583333333333,77.02499999999999,82.45833333333333,0.17708333333333334,999.7083333333334,72.125,32.229166666666664,1.0999999999999999,1.1591666666666667
2024-05-29,31.333333333333332,94.16666666666667,133.15833333333333,9.720833333333333,72.0,45.60833333333333,90.69583333333333,54.916666666666664,0.0,999.5833333333334,79.83333333333333,31.958333333333332,1.1916666666666667,1.8454166666666667
2024-05-30,23.222083333333334,74.33333333333333,110.45833333333333,8.637500000000001,88.03333333333335,34.112500000000004,77.84583333333333,70.0,0.3333333333333333,1000.8333333333334,81.83333333333333,30.441666666666666,1.0875,1.6783333333333335
2024-05-31,27.514166666666668,80.375,176.29166666666666,11.666666666666666,77.91666666666667,39.333333333333336,79.14166666666667,84.45833333333333,0.041666666666666664,1005.0416666666666,88.70833333333333,26.004166666666666,1.2083333333333333,1.38375
2024-06-01,59.833333333333336,152.375,210.77916666666667,14.6,100.05416666666667,85.45833333333333,132.525,83.875,0.0,1006.125,77.41666666666667,29.333333333333332,2.620833333333333,1.07125
2024-06-02,52.36083333333334,139.375,157.0875,12.720833333333333,108.0,75.45833333333333,110.375,63.208333333333336,0.0,1004.6666666666666,78.58333333333333,31.125,1.3916666666666666,1.6583333333333332
2024-06-03,39.30583333333333,112.95833333333333,125.32916666666667,12.029166666666667,91.90416666666665,56.22083333333333,109.19583333333333,62.208333333333336,0.375,1001.8333333333334,73.625,31.754166666666666,1.0708333333333333,1.5733333333333333
2024-06-04,32.680416666666666,96.0,113.77916666666665,12.9,64.84583333333333,46.77916666666667,127.1125,87.54166666666667,1.3020833333333333,1002.9166666666666,78.75,29.266666666666666,1.075,1.6641666666666666
2024-06-05,16.065,57.708333333333336,1107.2041666666667,24.254166666666666,32.22083333333333,23.037499999999998,21.78333333333333,87.29166666666667,2.4583333333333335,1005.75,87.16666666666667,27.2,1.075,1.40625
2024-06-06,17.75375,62.416666666666664,1329.5208333333333,27.770833333333332,29.724999999999998,29.754166666666666,6.375,85.75,0.6145833333333334,1007.2916666666666,87.29166666666667,26.425,1.0833333333333333,1.20875
2024-06-07,41.708333333333336,116.375,1067.2791666666667,30.704166666666666,36.887499999999996,63.11666666666667,6.154166666666666,78.20833333333333,0.5833333333333334,1003.75,83.79166666666667,28.729166666666668,1.175,1.1979166666666667
2024-06-08,20.559166666666666,68.625,1081.2875000000001,30.791666666666668,27.34583333333333,35.37916666666667,18.645833333333332,85.08333333333333,1.40625,1001.5416666666666,86.5,28.895833333333332,1.075,1.47
2024-06-09,19.304583333333333,64.91666666666667,1682.2458333333334,32.333333333333336,26.5625,28.25,6.979166666666667,74.91666666666667,3.71875,1002.5833333333334,92.54166666666667,26.974999999999998,1.0833333333333333,1.3412499999999998
2024-06-10,21.07875,69.58333333333333,1368.8208333333332,31.375,23.929166666666664,30.65416666666667,4.883333333333334,76.70833333333333,0.5416666666666666,1004.125,88.125,28.34166666666667,1.0875000000000001,1.51
2024-06-11,22.035833333333333,71.70833333333333,1081.2708333333333,30.575,33.770833333333336,32.295833333333334,18.479166666666668,69.54166666666667,0.3020833333333333,1003.7083333333334,83.25,30.28333333333333,1.425,1.08
2024-06-12,27.00208333333333,83.33333333333333,1118.0625,29.270833333333332,22.458333333333332,38.041666666666664,10.375,43.083333333333336,0.10416666666666667,1002.5416666666666,74.79166666666667,32.0,1.1833333333333333,1.015
2024-06-13,29.583333333333332,88.29166666666667,1214.1791666666666,29.087500000000002,42.324999999999996,45.65416666666667,14.020833333333334,50.125,0.10416666666666667,999.875,67.125,32.86666666666667,1.0958333333333334,1.5962500000000002
2024-06-14,28.931250000000002,87.79166666666667,1145.1291666666666,31.179166666666664,35.975,48.237500000000004,12.5625,49.416666666666664,0.010416666666666666,998.5416666666666,68.33333333333333,33.02916666666667,1.075,1.7158333333333333
2024-06-15,77.09958333333334,175.375,1193.5375000000001,30.145833333333332,19.570833333333333,96.35416666666667,11.875,66.25,0.25,999.7916666666666,78.45833333333333,32.65416666666667,1.0791666666666666,1.3570833333333334
2024-06-16,40.4275,106.16666666666667,1096.7250000000001,30.037499999999998,17.041666666666668,52.975,44.112500000000004,81.20833333333333,1.4270833333333333,1001.0416666666666,79.125,31.72083333333333,1.0791666666666666,1.37
2024-06-17,22.750833333333333,74.375,1045.9708333333333,28.46666666666667,31.545833333333334,31.575,48.09583333333333,58.0,0.53125,1000.3333333333334,77.0,31.5625,1.075,1.2616666666666667
2024-06-18,22.191666666666666,71.79166666666667,1435.7124999999999,30.6875,24.616666666666664,29.054166666666664,4.825,53.958333333333336,0.19791666666666666,999.75,77.83333333333333,31.3125,1.0875000000000001,1.4779166666666665
2024-06-19,25.28125,76.875,1166.675,35.46666666666667,26.433333333333334,36.574999999999996,6.195833333333333,56.875,0.8541666666666666,998.9583333333334,73.83333333333333,32.69166666666667,1.0916666666666666,1.6504166666666666
2024-06-20,27.075833333333332,81.66666666666667,1184.2166666666667,30.95,19.616666666666667,35.983333333333334,6.2375,40.541666666666664,0.052083333333333336,999.5833333333334,76.33333333333333,31.929166666666664,1.0958333333333334,1.22125
2024-06-21,22.437083333333334,72.625,1337.0833333333333,36.175000000000004,24.870833333333334,31.766666666666666,6.1125,71.79166666666667,0.010416666666666666,1000.1666666666666,82.25,31.6125,1.0916666666666666,1.7345833333333334
2024-06-22,20.115,67.70833333333333,1021.0791666666668,32.15416666666667,22.3125,26.287499999999998,5.020833333333333,40.708333333333336,0.041666666666666664,1001.5,79.25,31.90833333333333,1.0958333333333334,1.8616666666666666
2024-06-23,19.60375,67.33333333333333,1250.8333333333333,34.65,29.77916666666667,30.604166666666668,19.1375,56.75,0.2708333333333333,1001.875,85.83333333333333,29.895833333333332,1.1541666666666666,1.29
2024-06-24,13.075833333333334,49.75,1129.8999999999999,35.016666666666666,19.533333333333335,16.783333333333335,4.925,69.79166666666667,0.3229166666666667,1001.7083333333334,84.41666666666667,28.854166666666668,1.0708333333333333,1.4570833333333333
2024-06-25,17.21708333333333,60.916666666666664,1261.8833333333334,33.862500000000004,24.9875,22.608333333333334,18.25,64.41666666666667,0.23958333333333334,1003.375,86.91666666666667,28.383333333333336,1.0958333333333334,1.3058333333333334
2024-06-26,18.42083333333333,62.375,1064.8458333333333,34.545833333333334,21.25,28.09166666666667,48.637499999999996,77.5,0.2604166666666667,1006.5416666666666,86.79166666666667,28.079166666666666,1.0833333333333333,1.5645833333333332
2024-06-27,15.47875,55.666666666666664,1210.6791666666666,30.758333333333336,23.866666666666664,22.945833333333336,40.86666666666667,58.0,0.1875,1007.3333333333334,82.875,29.162499999999998,1.4375,1.6483333333333334
2024-06-28,15.283333333333333,56.791666666666664,1033.7375,28.858333333333334,19.920833333333334,23.366666666666664,17.0,51.708333333333336,0.041666666666666664,1004.625,81.875,29.833333333333332,1.2874999999999999,2.122916666666667
2024-06-29,17.704166666666666,62.541666666666664,909.0666666666666,30.77916666666667,19.545833333333334,27.6375,14.575000000000001,49.166666666666664,0.4895833333333333,1002.0416666666666,79.33333333333333,31.075,1.0999999999999999,1.48375
2024-06-30,18.098333333333333,60.291666666666664,901.9708333333333,32.27916666666667,21.875,25.304166666666664,8.470833333333333,86.29166666666667,0.052083333333333336,1001.0,75.66666666666667,31.84583333333333,1.0833333333333333,1.8954166666666667
2024-07-01,21.842083333333335,68.79166666666667,1081.7416666666666,36.025,21.36666666666667,32.05416666666667,25.7,79.5,0.17708333333333334,999.125,70.25,32.270833333333336,1.1375,1.74875
2024-07-02,28.792083333333334,86.5,963.1625,30.104166666666668,20.25,44.15416666666667,32.583333333333336,88.45833333333333,0.21875,1000.5416666666666,77.83333333333333,30.929166666666664,1.075,1.0987500000000001
2024-07-03,26.151666666666667,80.875,1390.325,21.6125,22.675,37.391666666666666,23.0625,84.20833333333333,1.4791666666666667,1005.375,88.75,28.504166666666666,1.0791666666666666,1.2504166666666667
2024-07-04,18.724166666666665,64.75,907.7333333333332,18.583333333333332,16.333333333333332,30.633333333333336,11.466666666666667,58.666666666666664,0.08333333333333333,1007.0416666666666,78.75,30.104166666666668,1.5208333333333333,1.665
2024-07-05,16.55125,59.166666666666664,890.9333333333334,18.974999999999998,16.8625,26.97083333333333,14.379166666666668,32.708333333333336,0.15625,1004.8333333333334,77.0,30.3875,2.35,1.5583333333333333
2024-07-06,18.31083333333333,63.5,745.8958333333334,17.9875,19.245833333333334,29.3625,17.341666666666665,35.666666666666664,0.0,1004.1666666666666,78.58333333333333,30.900000000000002,2.0208333333333335,2.0925
2024-07-07,17.061249999999998,60.458333333333336,812.7333333333332,16.8875,16.6375,28.229166666666668,12.383333333333333,55.583333333333336,0.0,1004.9166666666666,76.5,31.366666666666664,2.7458333333333336,2.23375
2024-07-08,20.611666666666668,68.875,690.2208333333333,20.020833333333332,17.075,37.449999999999996,15.291666666666666,48.708333333333336,0.0,1004.125,79.33333333333333,30.895833333333332,2.1666666666666665,1.6183333333333334
2024-07-09,20.576249999999998,68.45833333333333,830.3208333333333,17.683333333333334,30.120833333333334,31.208333333333332,18.2,54.375,0.125,1003.625,81.25,30.983333333333334,1.2541666666666667,1.6508333333333332
2024-07-10,25.481666666666666,79.41666666666667,1118.0208333333333,19.620833333333334,18.01666666666667,38.6625,6.666666666666667,59.791666666666664,0.7083333333333334,1003.6666666666666,85.41666666666667,30.150000000000002,2.3583333333333334,1.05125
2024-07-11,24.442916666666665,77.08333333333333,947.2791666666667,20.5,19.245833333333334,38.725,8.429166666666667,49.166666666666664,0.16666666666666666,1001.75,78.29166666666667,30.833333333333332,1.6041666666666667,1.4974999999999998
2024-07-12,17.266666666666666,61.291666666666664,894.375,17.8,19.008333333333333,27.075,14.908333333333333,62.583333333333336,0.0,999.9583333333334,76.83333333333333,31.3125,1.2125000000000001,1.5004166666666665
2024-07-13,15.458333333333334,56.875,865.7458333333333,18.379166666666666,16.8625,24.09166666666667,12.804166666666667,40.291666666666664,0.020833333333333332,999.875,79.0,31.27916666666667,1.25,2.5120833333333334
2024-07-14,13.10375,50.625,955.3458333333333,16.333333333333332,16.141666666666666,19.691666666666666,9.966666666666667,72.41666666666667,0.22916666666666666,1003.0,85.29166666666667,29.349999999999998,1.1458333333333333,1.2820833333333332
2024-07-15,16.20875,58.541666666666664,803.5749999999999,14.908333333333333,15.575000000000001,21.59583333333333,8.291666666666666,63.25,0.11458333333333333,1004.25,84.66666666666667,29.195833333333336,1.5250000000000001,1.2041666666666666
2024-07-16,18.13375,63.541666666666664,1005.6708333333332,15.195833333333333,20.974999999999998,25.45,16.916666666666668,69.54166666666667,0.052083333333333336,1004.375,87.33333333333333,28.616666666666664,1.3375000000000001,1.21125
2024-07-17,17.762916666666666,62.375,1032.0166666666667,16.720833333333335,16.579166666666666,27.84166666666667,14.895833333333334,71.54166666666667,0.3958333333333333,1003.5416666666666,82.25,29.34166666666667,1.0958333333333334,1.2670833333333333
2024-07-18,12.705416666666666,49.916666666666664,1250.2041666666667,16.962500000000002,18.75,18.479166666666668,19.6875,67.83333333333333,0.3958333333333333,1002.7916666666666,85.70833333333333,28.066666666666666,1.1333333333333333,0.97125
2024-07-19,17.360833333333336,61.291666666666664,1949.0708333333332,16.45,17.150000000000002,24.679166666666664,17.958333333333332,68.41666666666667,0.5208333333333334,1002.875,90.08333333333333,28.045833333333334,1.2375,0.92875
2024-07-20,21.389583333333334,69.58333333333333,967.2916666666666,17.991666666666667,16.349999999999998,31.879166666666666,17.875,66.08333333333333,0.20833333333333334,1003.5,85.29166666666667,29.224999999999998,1.1666666666666667,1.5737500000000002
2024-07-21,21.34583333333333,70.29166666666667,1449.25,16.7625,32.44166666666667,33.295833333333334,18.395833333333332,44.0,0.3854166666666667,1003.5416666666666,79.125,30.683333333333334,2.3125,1.0554166666666667
2024-07-22,19.714583333333334,66.29166666666667,1270.6291666666668,16.504166666666666,34.762499999999996,32.94166666666667,20.3125,82.20833333333333,1.1666666666666667,1001.2916666666666,83.45833333333333,29.754166666666666,1.0666666666666667,1.2666666666666666
2024-07-23,18.165833333333335,60.916666666666664,822.7416666666667,23.008333333333336,18.849999999999998,31.8125,8.979166666666666,100.0,4.770833333333333,996.5833333333334,94.58333333333333,26.47083333333333,1.0666666666666667,1.8983333333333334
2024-07-24,11.149583333333332,42.875,1043.0375000000001,19.945833333333333,35.5625,16.479166666666668,6.1125,82.875,0.6979166666666666,994.4166666666666,87.66666666666667,27.945833333333336,1.0791666666666666,1.2233333333333334
2024-07-25,20.729166666666668,68.58333333333333,1355.875,17.879166666666666,53.44166666666666,34.512499999999996,4.2375,64.66666666666667,0.07291666666666667,993.875,81.66666666666667,29.9375,1.3458333333333332,1.3820833333333333
2024-07-26,30.675416666666667,82.41666666666667,1108.1499999999999,17.204166666666666,57.67083333333333,53.84166666666667,17.3875,45.416666666666664,0.0,994.3333333333334,75.29166666666667,32.479166666666664,1.2125,0.9158333333333334
2024-07-27,48.91625,130.70833333333334,448.55833333333334,36.32083333333333,81.89166666666667,88.3625,4.291666666666667,82.70833333333333,0.13541666666666666,997.375,74.58333333333333,33.40833333333334,1.1958333333333333,1.1841666666666668
2024-07-28,30.7675,91.29166666666667,663.0291666666667,27.104166666666668,28.3875,43.04583333333333,6.1375,90.08333333333333,1.1979166666666667,1000.7916666666666,84.20833333333333,28.974999999999998,1.0666666666666667,1.1891666666666667
2024-07-29,23.215416666666666,74.20833333333333,785.5708333333333,21.45,23.854166666666668,35.275,20.25,94.375,0.8958333333333334,1000.1666666666666,91.41666666666667,27.787499999999998,1.0666666666666667,1.3508333333333333
2024-07-30,20.111666666666668,67.875,1867.7416666666668,19.520833333333332,21.808333333333334,31.400000000000002,22.34166666666667,99.08333333333333,0.5833333333333334,1000.125,89.875,27.991666666666664,1.075,1.6304166666666668
2024-07-31,15.770000000000001,57.5,1125.0958333333333,17.629166666666666,19.058333333333334,28.604166666666668,12.875,90.625,0.21875,1001.25,83.20833333333333,28.77916666666667,1.0666666666666667,1.3204166666666668
2024-08-01,13.612499999999999,50.75,1368.9375,18.89166666666667,19.654166666666665,24.587500000000002,7.7,97.875,0.40625,1002.375,81.41666666666667,29.099999999999998,1.0666666666666667,1.2366666666666666
2024-08-02,23.672916666666666,75.125,294.0458333333333,9.1625,57.25,33.483333333333334,55.475,88.83333333333333,0.4375,1002.4166666666666,87.41666666666667,27.150000000000002,1.1416666666666666,1.7333333333333334
2024-08-03,19.7225,66.83333333333333,119.00416666666666,7.629166666666666,4.791666666666667,29.65416666666667,21.65416666666667,57.75,0.0,1004.0,76.41666666666667,29.4875,1.7625,1.2470833333333333
2024-08-04,28.541666666666668,87.08333333333333,91.00833333333333,8.0875,22.724999999999998,48.34583333333333,50.262499999999996,56.541666666666664,0.0,1005.2083333333334,73.45833333333333,31.004166666666666,2.7708333333333335,1.3429166666666665
2024-08-05,42.500416666666666,106.5,151.98333333333332,11.845833333333333,33.233333333333334,70.46666666666667,49.612500000000004,52.958333333333336,0.020833333333333332,1004.4583333333334,74.79166666666667,31.320833333333336,2.1625,1.6375
2024-08-06,44.111250000000005,120.125,218.83333333333334,14.733333333333334,79.15416666666667,93.33749999999999,75.87916666666666,46.625,0.2604166666666667,1003.5833333333334,75.5,31.65416666666667,1.7,1.4404166666666667
2024-08-07,65.31458333333333,132.54166666666666,404.46250000000003,12.429166666666667,87.46666666666668,103.3875,82.29166666666667,50.458333333333336,0.5833333333333334,1004.0416666666666,75.41666666666667,31.599999999999998,2.7541666666666664,1.2033333333333334
2024-08-08,19.867083333333333,66.54166666666667,1026.3833333333334,18.633333333333333,29.066666666666666,36.0375,20.5,44.916666666666664,1.1770833333333333,1003.6666666666666,73.0,31.90416666666667,3.0625,1.6283333333333332
2024-08-09,16.981666666666666,58.333333333333336,1142.9833333333333,18.016666666666666,26.46666666666667,30.079166666666666,9.604166666666666,54.541666666666664,0.0,1001.0833333333334,68.41666666666667,33.2875,2.15,1.4337499999999999
2024-08-10,22.575416666666666,75.58333333333333,1104.8791666666668,17.983333333333334,54.375,34.05416666666667,21.979166666666668,63.791666666666664,0.96875,1000.6666666666666,67.875,33.5375,1.3166666666666667,1.9945833333333336
2024-08-11,11.451666666666668,45.416666666666664,1049.55,17.841666666666665,34.15833333333333,18.541666666666668,5.0625,91.875,2.3854166666666665,1001.0,84.875,28.125,1.0541666666666667,2.6875
2024-08-12,25.11916666666667,78.45833333333333,1075.8291666666667,17.045833333333334,36.49583333333333,44.583333333333336,22.920833333333334,78.54166666666667,0.4270833333333333,1000.8333333333334,78.75,30.133333333333336,1.0583333333333333,1.6041666666666667
2024-08-13,19.639583333333334,70.45833333333333,1198.8208333333334,15.283333333333333,82.47500000000001,28.316666666666666,114.20833333333333,84.16666666666667,1.3854166666666667,1003.2083333333334,85.33333333333333,29.454166666666666,1.0541666666666667,1.5129166666666667
2024-08-14,15.046666666666667,56.333333333333336,1750.8500000000001,16.3875,51.59583333333333,20.766666666666666,84.83333333333333,78.66666666666667,0.22916666666666666,1004.4166666666666,85.79166666666667,28.462500000000002,1.0958333333333334,1.2425
2024-08-15,19.607083333333332,95.16666666666667,1575.7208333333335,18.625,128.4375,29.504166666666666,12.166666666666666,68.20833333333333,0.052083333333333336,1003.4583333333334,79.58333333333333,29.8875,1.0541666666666667,0.8229166666666666
2024-08-16,31.047916666666666,114.95833333333333,1354.4083333333333,17.520833333333332,139.22916666666666,43.46666666666667,25.916666666666668,79.875,0.0625,1002.9583333333334,78.20833333333333,30.6375,1.5499999999999998,0.89875
2024-08-17,41.21541666666666,135.45833333333334,1809.3208333333332,19.825,212.88750000000002,57.199999999999996,4.0,86.25,0.4375,1004.2083333333334,84.625,29.46666666666667,1.0541666666666667,0.8408333333333333
2024-08-18,47.66291666666667,135.75,1826.8083333333334,19.341666666666665,139.47083333333333,67.0,17.779166666666665,73.04166666666667,0.78125,1004.2083333333334,82.125,30.6375,1.0958333333333334,1.0645833333333334
2024-08-19,56.17666666666667,146.58333333333334,550.4666666666667,14.225,100.77083333333333,77.575,127.69583333333333,78.66666666666667,0.13541666666666666,1002.75,83.16666666666667,30.3625,1.0374999999999999,0.9874999999999999
2024-08-20,50.291666666666664,136.875,171.9,11.016666666666666,117.2625,69.08333333333333,139.61249999999998,85.45833333333333,0.6770833333333334,1003.25,83.79166666666667,29.2375,1.0374999999999999,1.9379166666666665
2024-08-21,46.208333333333336,123.29166666666667,157.43333333333334,12.108333333333334,106.32083333333333,63.9125,123.81666666666666,80.20833333333333,0.6979166666666666,1004.7083333333334,85.5,28.833333333333332,1.0291666666666666,1.99
2024-08-22,38.166666666666664,108.41666666666667,203.04583333333335,13.237499999999999,56.666666666666664,54.512499999999996,74.35000000000001,68.16666666666667,1.1041666666666667,1005.5416666666666,78.04166666666667,31.066666666666666,1.0791666666666666,1.8862500000000002
2024-08-23,39.98583333333333,112.5,147.5,18.154166666666665,61.65,53.666666666666664,132.59583333333333,93.16666666666667,3.3854166666666665,1008.2916666666666,90.75,26.120833333333334,1.0291666666666666,2.0
2024-08-24,47.94416666666667,130.79166666666666,129.29166666666666,13.125,80.76666666666667,67.87083333333334,112.375,79.29166666666667,1.46875,1007.0416666666666,85.25,27.2,1.0458333333333334,1.9720833333333332
2024-08-25,29.30541666666667,88.5,122.37083333333334,14.012500000000001,62.85833333333333,41.300000000000004,103.1375,65.79166666666667,0.5104166666666666,1005.625,82.04166666666667,27.958333333333332,1.0416666666666667,1.9091666666666667
2024-08-26,29.5275,88.66666666666667,116.65833333333335,12.237499999999999,78.85000000000001,39.44166666666667,112.04166666666667,66.625,1.0520833333333333,1005.0,79.45833333333333,29.125,1.1791666666666667,1.74875
2024-08-27,38.805416666666666,113.04166666666667,181.35833333333335,14.708333333333334,100.17916666666667,49.854166666666664,121.2375,32.291666666666664,0.10416666666666667,1004.4166666666666,77.58333333333333,30.620833333333334,2.3249999999999997,1.54875
2024-08-28,52.93083333333333,141.83333333333334,205.67916666666667,14.887500000000001,107.0,71.43333333333332,127.1125,49.791666666666664,0.0,1002.875,76.29166666666667,32.03333333333333,2.1333333333333333,1.4845833333333334
2024-08-29,45.819583333333334,127.0,173.57500000000002,13.612499999999999,98.375,59.300000000000004,133.19166666666666,52.75,0.0,1002.5833333333334,80.625,31.641666666666666,1.2041666666666666,1.7454166666666666
2024-08-30,14.044166666666667,51.541666666666664,775.4875000000001,16.383333333333333,48.61666666666667,19.154166666666665,129.05833333333334,39.208333333333336,0.5104166666666666,1004.5,85.41666666666667,28.433333333333334,1.0916666666666666,1.8604166666666666
2024-08-31,26.190416666666668,81.41666666666667,1319.6916666666668,20.020833333333332,50.166666666666664,38.675000000000004,128.85833333333332,50.041666666666664,0.0625,1005.375,78.25,29.8,1.9416666666666667,1.4875
2024-09-01,39.958333333333336,112.91666666666667,129.9125,12.512500000000001,66.82083333333334,52.3375,114.80833333333334,64.95833333333333,0.125,1006.1666666666666,84.70833333333333,28.96666666666667,1.0250000000000001,2.0
2024-09-02,34.374583333333334,102.5,119.58333333333333,12.183333333333332,78.82083333333334,44.50416666666666,135.10833333333332,39.875,0.0,1006.3333333333334,79.875,30.625,1.225,1.86
2024-09-03,28.055833333333336,94.66666666666667,198.95000000000002,16.179166666666667,87.69166666666666,38.09583333333333,157.125,54.625,0.10416666666666667,1006.125,81.875,28.650000000000002,1.6749999999999998,1.6616666666666668
2024-09-04,45.65375,124.54166666666667,830.0166666666668,19.150000000000002,76.07916666666667,68.21666666666667,168.1,16.5,0.0,1002.125,74.625,30.816666666666666,1.4833333333333334,1.5662500000000001
2024-09-05,34.22958333333333,102.625,1342.8125,22.0,75.66250000000001,56.73333333333333,103.79166666666667,34.416666666666664,0.03125,1000.0416666666666,73.25,31.829166666666666,2.0833333333333335,2.0816666666666666
2024-09-06,20.90375,70.08333333333333,1472.6458333333333,19.654166666666665,61.637499999999996,32.0875,53.975,72.83333333333333,0.7916666666666666,998.5833333333334,80.08333333333333,29.15833333333333,0.9916666666666667,2.2391666666666667
2024-09-07,14.148333333333333,51.416666666666664,1010.5375,22.125,59.80416666666667,22.662499999999998,32.887499999999996,78.04166666666667,3.5833333333333335,991.8333333333334,90.54166666666667,26.304166666666664,0.975,5.4125000000000005
2024-09-08,8.874583333333334,43.375,1765.4041666666665,20.304166666666667,59.65833333333333,12.129166666666668,44.791666666666664,85.75,1.0833333333333333,997.2916666666666,91.0,27.3625,0.9708333333333333,2.249166666666667
2024-09-09,12.189583333333333,49.166666666666664,559.7125,25.945833333333336,57.64166666666667,17.079166666666666,61.0,82.54166666666667,2.1145833333333335,1002.0416666666666,87.70833333333333,28.59166666666667,0.9708333333333333,2.5820833333333333
2024-09-10,11.039583333333333,43.625,525.8333333333334,20.195833333333333,35.458333333333336,13.15,66.75,69.83333333333333,2.4166666666666665,1004.75,92.66666666666667,25.770833333333332,0.9708333333333333,1.9908333333333335
2024-09-11,11.532499999999999,45.916666666666664,449.5333333333333,15.820833333333333,25.441666666666666,13.091666666666667,46.35,74.5,1.96875,1006.4583333333334,94.79166666666667,25.208333333333332,0.9624999999999999,1.4845833333333334
2024-09-12,17.931250000000002,64.54166666666667,565.5375,20.933333333333334,40.324999999999996,21.370833333333334,72.04166666666667,82.625,0.22916666666666666,1006.3333333333334,84.83333333333333,27.708333333333332,1.0125,0.8537500000000001
2024-09-13,22.547083333333333,72.95833333333333,1000.4166666666666,22.8,25.195833333333336,27.129166666666666,93.20833333333333,51.458333333333336,0.041666666666666664,1003.5833333333334,82.08333333333333,28.729166666666668,1.0583333333333333,1.6745833333333333
2024-09-14,33.766666666666666,98.625,1296.3333333333333,21.516666666666666,55.775,46.0375,160.55833333333334,46.333333333333336,0.3958333333333333,1001.6666666666666,78.375,30.045833333333334,0.9541666666666666,1.195
2024-09-15,53.71333333333333,142.875,1542.1958333333332,21.287499999999998,49.62916666666666,65.86666666666666,149.79166666666666,55.875,0.03125,1001.125,80.70833333333333,30.5125,1.9000000000000001,1.5029166666666667
2024-09-16,20.933333333333334,69.79166666666667,1500.3500000000001,17.258333333333333,36.979166666666664,24.71666666666667,59.77916666666667,68.875,0.75,1003.25,85.08333333333333,28.258333333333336,1.5416666666666667,1.5991666666666668
2024-09-17,19.655416666666664,66.875,1268.3125,17.575,23.329166666666666,24.758333333333336,18.5,76.0,0.17708333333333334,1004.25,85.29166666666667,28.541666666666668,0.9416666666666668,1.7566666666666668
2024-09-18,21.145,69.79166666666667,1215.8875,18.720833333333335,14.833333333333334,26.679166666666664,17.625,66.08333333333333,0.041666666666666664,1002.8333333333334,81.66666666666667,29.45,1.1208333333333333,1.8654166666666667
2024-09-19,31.751666666666665,93.95833333333333,1232.4875,20.4875,15.3375,40.0625,22.441666666666666,76.20833333333333,0.7395833333333334,1001.7083333333334,78.125,30.254166666666666,1.1125,1.9075
2024-09-20,28.90125,87.04166666666667,1337.1833333333334,18.558333333333334,19.962500000000002,36.22083333333333,39.541666666666664,60.0,0.34375,1002.25,85.29166666666667,29.004166666666666,1.7166666666666668,1.4087500000000002
2024-09-21,16.721666666666668,60.083333333333336,958.2624999999999,16.283333333333335,33.166666666666664,20.670833333333334,41.90833333333333,79.16666666666667,1.6875,1003.5,89.41666666666667,27.90833333333333,1.2958333333333334,1.8375000000000001
2024-09-22,14.887083333333335,56.083333333333336,532.6666666666666,15.975,15.8375,19.7375,20.033333333333335,97.16666666666667,2.34375,1004.7083333333334,91.08333333333333,26.650000000000002,0.8916666666666666,2.124166666666667
2024-09-23,20.607916666666664,68.70833333333333,608.5124999999999,23.02916666666667,14.137500000000001,24.6875,29.825,99.41666666666667,0.3958333333333333,1008.4166666666666,86.45833333333333,25.441666666666666,0.975,1.3325
2024-09-24,35.97541666666667,102.08333333333333,671.2458333333333,24.108333333333334,18.349999999999998,46.425000000000004,17.279166666666665,49.791666666666664,0.1875,1008.5833333333334,73.5,27.733333333333334,2.470833333333333,1.0154166666666666
2024-09-25,48.132083333333334,132.95833333333334,772.7541666666666,34.27916666666667,33.75,64.175,65.7375,96.625,0.0625,1009.9583333333334,79.75,27.2625,1.0083333333333333,1.6516666666666666
2024-09-26,47.21333333333334,130.75,790.2291666666666,35.62916666666667,22.183333333333334,63.85,95.15416666666665,47.833333333333336,0.03125,1009.875,76.83333333333333,28.883333333333336,2.408333333333333,1.4887499999999998
2024-09-27,38.08,108.375,602.7375000000001,29.037499999999998,31.3125,49.8125,66.6375,44.541666666666664,0.010416666666666666,1008.8333333333334,77.375,29.483333333333334,1.5083333333333335,1.4266666666666667
2024-09-28,18.54625,64.125,955.0500000000001,25.233333333333334,14.254166666666668,24.041666666666668,28.1125,32.791666666666664,0.40625,1006.7916666666666,81.70833333333333,29.90833333333333,1.3708333333333333,2.10125
2024-09-29,14.997083333333334,55.333333333333336,1030.9291666666666,25.604166666666668,18.7375,19.104166666666668,29.333333333333332,68.95833333333333,0.875,1005.375,85.20833333333333,29.366666666666664,0.9416666666666668,2.247916666666667
2024-09-30,14.357916666666666,55.166666666666664,1337.4041666666667,30.02916666666667,14.375,18.341666666666665,26.7625,72.79166666666667,1.7291666666666667,1004.5416666666666,90.45833333333333,28.125,0.9458333333333333,0.9679166666666666
2024-10-01,18.199583333333333,64.83333333333333,1421.0708333333332,27.229166666666668,6.795833333333333,22.479166666666668,14.0,81.08333333333333,0.2604166666666667,1008.1666666666666,83.29166666666667,27.420833333333334,1.625,1.97375
2024-10-02,12.364166666666668,44.208333333333336,853.025,19.745833333333334,16.5125,15.85,29.445833333333336,45.458333333333336,0.041666666666666664,1013.75,66.58333333333333,26.008333333333336,1.9208333333333334,2.01375
2024-10-03,21.140416666666667,70.20833333333333,1017.9333333333334,22.320833333333336,19.6375,27.520833333333332,27.195833333333336,8.375,0.052083333333333336,1014.4166666666666,55.208333333333336,25.625,1.8,1.7870833333333334
2024-10-04,39.73291666666667,112.16666666666667,1242.5541666666666,27.758333333333336,18.058333333333334,51.0,17.625,1.6666666666666667,0.0,1014.125,62.166666666666664,25.670833333333334,2.0375,1.5425000000000002
2024-10-05,46.82,127.54166666666667,1396.25,31.979166666666668,27.84583333333333,58.824999999999996,46.362500000000004,0.0,0.0,1013.5416666666666,65.95833333333333,26.0,2.6791666666666667,0.9891666666666666
2024-10-06,47.38791666666666,131.04166666666666,1486.6041666666667,30.520833333333332,43.57916666666666,58.34166666666667,68.0,33.25,0.03125,1013.2916666666666,67.20833333333333,26.825,2.4583333333333335,1.1758333333333333
2024-10-07,73.42708333333333,167.875,468.40000000000003,14.195833333333333,54.762499999999996,88.2,54.25,64.20833333333333,0.041666666666666664,1014.2083333333334,68.45833333333333,27.974999999999998,2.495833333333333,1.4791666666666667
2024-10-08,74.33333333333333,167.41666666666666,125.6125,5.945833333333333,72.26666666666667,91.72083333333335,62.67916666666667,22.791666666666668,0.0,1013.6666666666666,67.16666666666667,27.925,2.5749999999999997,1.4479166666666667
2024-10-09,83.93083333333333,173.875,208.65833333333333,11.2875,16.029166666666665,113.09583333333335,30.041666666666668,46.125,0.010416666666666666,1012.8333333333334,73.125,27.166666666666668,2.1458333333333335,1.5125
2024-10-10,103.63875,200.04166666666666,299.50416666666666,9.095833333333333,13.858333333333333,129.55416666666667,25.791666666666668,75.33333333333333,0.0,1012.0416666666666,80.20833333333333,26.27916666666667,2.3,1.1479166666666667
2024-10-11,105.97208333333333,200.58333333333334,313.33750000000003,14.091666666666667,32.766666666666666,136.775,52.67916666666667,47.875,0.0,1011.5833333333334,73.875,27.21666666666667,2.0083333333333333,1.38375
2024-10-12,95.84750000000001,175.83333333333334,222.14166666666665,12.629166666666668,93.64999999999999,127.87916666666666,100.17916666666667,48.875,0.0,1012.4166666666666,73.95833333333333,27.329166666666666,1.5999999999999999,1.77375
2024-10-13,66.66666666666667,159.95833333333334,161.57083333333333,12.970833333333333,65.0,89.3125,85.76666666666667,52.583333333333336,0.010416666666666666,1012.125,76.16666666666667,27.620833333333334,1.8333333333333333,1.6095833333333334
2024-10-14,53.305416666666666,140.70833333333334,172.25833333333333,15.041666666666666,75.0125,70.375,109.31666666666666,59.708333333333336,0.020833333333333332,1010.9166666666666,76.83333333333333,28.504166666666666,2.0749999999999997,1.3454166666666667
2024-10-15,48.874583333333334,126.29166666666667,159.35833333333332,12.570833333333333,50.10833333333333,67.60416666666667,78.07083333333334,62.833333333333336,0.3958333333333333,1011.2916666666666,89.66666666666667,26.90833333333333,1.7249999999999999,1.8741666666666665
2024-10-16,46.388749999999995,127.75,141.79999999999998,12.304166666666667,67.14999999999999,59.05833333333334,91.47083333333335,75.66666666666667,0.22916666666666666,1012.0,81.91666666666667,27.458333333333332,1.5166666666666666,1.7158333333333333
2024-10-17,57.861250000000005,144.91666666666666,113.29166666666667,13.054166666666667,45.475,73.03333333333333,89.30833333333334,54.166666666666664,0.0,1010.1666666666666,81.79166666666667,28.479166666666668,1.4833333333333334,1.9858333333333331
2024-10-18,41.65291666666666,116.95833333333333,50.237500000000004,10.237499999999999,29.679166666666664,52.54583333333333,56.512499999999996,41.375,0.0,1009.75,79.20833333333333,29.34166666666667,1.8166666666666667,1.2620833333333332
2024-10-19,39.583333333333336,110.625,86.7625,12.362499999999999,40.333333333333336,51.04583333333333,88.7375,48.958333333333336,0.375,1012.0,82.83333333333333,28.541666666666668,1.3541666666666667,1.2225
2024-10-20,48.25,129.95833333333334,111.87083333333334,12.595833333333333,45.40416666666667,61.145833333333336,74.72083333333333,59.125,0.010416666666666666,1013.7083333333334,77.41666666666667,28.820833333333336,1.5625,1.6329166666666666
2024-10-21,69.0,162.29166666666666,194.88333333333333,18.666666666666668,58.208333333333336,88.53333333333335,103.3625,68.95833333333333,0.3333333333333333,1013.1666666666666,89.54166666666667,26.587500000000002,0.85,1.2145833333333333
2024-10-22,62.861250000000005,154.58333333333334,327.4166666666667,16.666666666666668,68.34166666666667,80.6875,124.72083333333335,48.166666666666664,0.03125,1013.3333333333334,81.16666666666667,27.895833333333332,1.2583333333333333,1.5654166666666667
2024-10-23,28.222083333333334,86.875,121.97916666666667,6.016666666666667,75.59166666666667,35.525,59.65416666666667,48.916666666666664,0.0625,1013.875,62.5,27.483333333333334,1.8291666666666666,2.45375
2024-10-24,51.444583333333334,129.70833333333334,107.10000000000001,7.808333333333334,24.4875,68.83749999999999,29.441666666666666,38.041666666666664,0.041666666666666664,1011.375,64.45833333333333,25.09166666666667,0.8458333333333333,1.3954166666666667
2024-10-25,85.22208333333333,180.0,142.90833333333333,7.970833333333334,46.11666666666667,109.7375,42.34583333333333,69.0,0.11458333333333333,1009.0833333333334,71.04166666666667,24.241666666666664,0.9458333333333333,1.3129166666666667
2024-10-26,71.34708333333333,159.5,84.69583333333334,6.154166666666666,63.15416666666667,89.68333333333334,46.525,72.25,0.375,1007.0833333333334,63.833333333333336,26.370833333333334,1.5833333333333333,2.3733333333333335
2024-10-27,35.84708333333334,103.20833333333333,80.36666666666666,6.1000000000000005,39.67916666666667,46.050000000000004,35.166666666666664,95.25,1.625,1008.9583333333334,70.91666666666667,23.829166666666666,0.6958333333333333,2.3733333333333335
2024-10-28,35.805416666666666,103.08333333333333,98.13333333333333,6.441666666666666,59.44166666666666,44.99166666666667,56.80416666666667,100.0,0.6875,1010.6666666666666,80.83333333333333,22.22083333333333,0.7291666666666666,1.5166666666666666
2024-10-29,42.208333333333336,113.70833333333333,69.44166666666666,5.695833333333333,47.84583333333333,53.5875,48.625,85.83333333333333,0.375,1010.2083333333334,75.25,23.816666666666666,0.8833333333333333,1.0758333333333334
2024-10-30,64.73625,152.0,236.54583333333335,9.641666666666667,49.06666666666666,88.57916666666667,72.14166666666667,46.916666666666664,0.11458333333333333,1010.4166666666666,73.45833333333333,25.795833333333334,1.0541666666666667,1.5654166666666667
2024-10-31,117.04166666666667,204.45833333333334,552.375,17.054166666666667,75.83749999999999,147.45833333333334,124.59583333333335,26.5,0.0,1008.9166666666666,78.58333333333333,26.433333333333334,2.1750000000000003,1.16
2024-11-01,115.2932,157.8,225.77200000000002,10.364,64.916,144.144,67.536,0.0,0.0,1010.96,67.88,27.148000000000003,2.044,1.6580000000000001
2024-11-02,67.625,155.875,91.14999999999999,7.029166666666666,52.791666666666664,87.40416666666665,46.762499999999996,20.916666666666668,0.3020833333333333,1015.6666666666666,63.291666666666664,25.337500000000002,2.1416666666666666,1.6920833333333334
2024-11-03,87.11125,190.95833333333334,162.15833333333333,8.629166666666666,32.375,110.075,45.23333333333333,75.0,0.0,1016.125,68.16666666666667,24.337500000000002,1.325,1.5175
2024-11-04,89.15249999999999,177.25,101.675,7.554166666666667,33.725,111.64583333333333,45.65416666666667,99.625,0.0,1016.2916666666666,73.33333333333333,25.004166666666666,0.7999999999999999,1.9858333333333331
2024-11-05,74.41666666666667,173.375,178.10416666666666,9.612499999999999,77.67916666666666,95.62083333333334,97.84583333333335,100.0,0.625,1017.7916666666666,78.83333333333333,23.895833333333332,0.6833333333333332,1.6070833333333334
2024-11-06,69.91666666666667,165.54166666666666,188.55416666666667,12.845833333333333,52.32916666666667,92.4375,77.94583333333334,93.625,0.07291666666666667,1017.8333333333334,72.0,24.53333333333333,0.7125,1.5741666666666667
2024-11-07,106.125,201.5,299.625,9.875,49.458333333333336,129.72083333333333,53.10833333333333,32.666666666666664,0.07291666666666667,1018.0833333333334,63.166666666666664,25.416666666666668,1.7416666666666665,1.7320833333333334
2024-11-08,101.0,182.16666666666666,234.3166666666667,17.154166666666665,75.0125,128.26666666666668,113.20833333333333,29.5,0.11458333333333333,1016.5,70.25,23.829166666666666,2.0500000000000003,1.705
2024-11-09,130.66625,187.0,251.1,12.362499999999999,48.15416666666667,163.61249999999998,81.04583333333333,0.041666666666666664,0.0,1014.0416666666666,70.625,24.05,2.0083333333333333,1.1204166666666666
2024-11-10,120.91666666666667,185.79166666666666,322.73333333333335,16.775000000000002,36.425000000000004,151.86666666666667,83.52499999999999,0.0,0.0,1014.0416666666666,66.95833333333333,24.900000000000002,2.029166666666667,1.42125
2024-11-11,117.875,194.75,323.54583333333335,12.691666666666668,57.40416666666667,148.99583333333334,90.2625,12.75,0.0,1013.0833333333334,70.625,25.5625,1.9958333333333333,1.06375
2024-11-12,103.36125,178.95833333333334,200.04583333333335,19.220833333333335,65.26666666666667,128.67083333333332,155.05416666666667,12.666666666666666,0.0,1011.375,75.45833333333333,26.254166666666666,1.3541666666666667,1.3658333333333335
2024-11-13,86.62541666666668,154.29166666666666,141.42916666666667,20.458333333333332,72.05416666666666,100.27916666666665,76.40416666666667,15.333333333333334,0.0,1009.7916666666666,75.70833333333333,26.72083333333333,1.8583333333333334,1.1679166666666667
2024-11-14,99.77749999999999,197.625,153.19166666666666,21.52916666666667,66.47083333333333,120.64999999999999,86.5125,52.958333333333336,0.0,1009.25,79.33333333333333,26.995833333333334,0.875,1.4875
2024-11-15,75.75041666666667,172.83333333333334,96.35000000000001,17.279166666666665,44.387499999999996,93.21666666666665,68.2375,58.541666666666664,0.0,1008.375,81.0,27.166666666666668,0.9625,1.3345833333333335
2024-11-16,54.8475,143.08333333333334,86.22916666666667,17.804166666666667,32.920833333333334,66.98333333333333,53.362500000000004,71.45833333333333,0.0,1009.5,78.20833333333333,27.575,1.1666666666666667,1.1295833333333334
2024-11-17,57.625,146.375,91.64999999999999,18.712500000000002,25.150000000000002,70.1,60.0375,41.375,0.020833333333333332,1012.3333333333334,76.04166666666667,27.066666666666666,1.45,0.7920833333333334
2024-11-18,80.06958333333334,181.45833333333334,95.15416666666665,13.1625,46.90416666666667,100.12083333333334,63.512499999999996,36.708333333333336,0.0,1014.2083333333334,77.58333333333333,25.545833333333334,1.3416666666666668,2.65375
2024-11-19,53.013749999999995,138.75,78.60833333333333,9.183333333333334,43.375,64.09166666666667,58.57083333333333,0.0,0.0,1015.375,63.916666666666664,25.929166666666664,1.5625,2.5475
2024-11-20,46.763749999999995,126.79166666666667,97.3875,7.766666666666667,55.94583333333333,57.09583333333333,74.97500000000001,0.0,0.0,1016.2916666666666,64.29166666666667,24.25,1.4708333333333332,2.7541666666666664
2024-11-21,60.500416666666666,150.70833333333334,125.75,9.708333333333334,70.6375,75.65416666666667,88.29166666666667,0.0,0.0,1017.375,62.291666666666664,22.708333333333332,1.8291666666666666,2.8541666666666665
2024-11-22,60.541666666666664,141.70833333333334,130.7125,9.25,52.37916666666666,77.90833333333333,59.05416666666667,58.25,0.0,1017.5833333333334,60.375,23.233333333333334,1.05,2.111666666666667
2024-11-23,62.458333333333336,150.875,115.25,10.458333333333334,71.125,76.625,69.375,86.33333333333333,0.0,1017.4166666666666,64.95833333333333,23.462500000000002,1.2416666666666667,1.6970833333333335
2024-11-24,78.52791666666667,178.04166666666666,102.95416666666667,13.391666666666666,51.48333333333333,95.21666666666665,50.791666666666664,77.54166666666667,0.0,1016.5,78.25,22.34583333333333,0.8375,1.2366666666666666
2024-11-25,112.63916666666667,212.0,139.34583333333333,17.25,68.1125,139.34583333333333,70.5125,92.08333333333333,0.041666666666666664,1015.75,79.33333333333333,24.15416666666667,0.9249999999999999,1.5129166666666667
2024-11-26,36.97208333333334,103.75,147.725,9.512500000000001,61.34583333333333,45.175000000000004,92.17083333333333,99.45833333333333,0.041666666666666664,1017.75,77.54166666666667,21.40833333333333,0.5750000000000001,1.8675
2024-11-27,41.819583333333334,116.0,83.77083333333333,8.25,49.02916666666667,51.46666666666667,73.22083333333333,99.79166666666667,0.020833333333333332,1020.0,64.0,20.7,0.8416666666666667,2.262916666666667
2024-11-28,33.48625,97.29166666666667,78.84166666666667,8.487499999999999,57.20416666666667,41.875,67.97083333333333,65.79166666666667,0.19791666666666666,1022.6666666666666,52.125,20.283333333333335,1.3291666666666666,1.92875
2024-11-29,57.611250000000005,144.33333333333334,136.90833333333333,16.970833333333335,62.975,70.08333333333333,77.70833333333333,53.75,0.125,1020.125,61.333333333333336,20.629166666666666,1.8125,1.5583333333333333
2024-11-30,93.80583333333334,174.29166666666666,162.35416666666666,18.7625,61.262499999999996,115.675,59.87916666666666,0.0,0.020833333333333332,1015.4583333333334,67.0,20.054166666666667,1.3291666666666668,1.1779166666666667
2024-12-01,87.04,161.48,139.632,17.132,79.49600000000001,103.456,61.903999999999996,1.0,0.0,1013.12,74.48,20.544,1.092,2.0828
2024-12-02,82.93083333333333,184.75,103.84166666666665,15.358333333333334,66.5,98.74166666666667,55.487500000000004,92.33333333333333,0.0,1012.5,77.20833333333333,22.7375,0.6208333333333333,1.8170833333333334
2024-12-03,41.48625,113.91666666666667,86.44583333333333,14.170833333333334,61.833333333333336,49.074999999999996,44.15,74.45833333333333,0.0,1012.5416666666666,82.79166666666667,23.7,0.8541666666666666,1.7520833333333332
2024-12-04,62.708333333333336,152.58333333333334,123.03750000000001,13.387500000000001,54.987500000000004,79.1875,55.35,70.5,0.0,1013.4583333333334,79.20833333333333,23.583333333333332,0.85,1.8816666666666668
2024-12-05,66.20833333333333,147.66666666666666,109.84166666666665,13.404166666666667,80.45833333333333,77.4375,68.47083333333333,73.75,0.0,1013.4166666666666,79.45833333333333,23.3,0.7625000000000001,2.5258333333333334
2024-12-06,85.875,187.04166666666666,115.48333333333333,12.362499999999999,77.58333333333333,105.06666666666666,71.01666666666667,78.125,0.0,1013.0,85.25,22.558333333333334,0.6166666666666667,1.491666666666667
2024-12-07,73.80583333333333,165.33333333333334,174.0375,11.237499999999999,46.80833333333334,90.65833333333335,103.52499999999999,100.0,0.0,1016.5833333333334,75.58333333333333,19.304166666666667,0.5625,2.0141666666666667
2024-12-08,35.05583333333333,101.95833333333333,148.73749999999998,9.512500000000001,53.458333333333336,43.8375,104.07083333333333,100.0,0.0,1020.375,66.875,16.95,0.5583333333333333,2.03125
2024-12-09,73.375,163.41666666666666,171.58333333333334,16.916666666666668,53.22083333333333,90.94583333333333,110.0,96.58333333333333,0.0,1016.9166666666666,66.0,18.07916666666667,0.7583333333333333,1.29875
2024-12-10,157.23625,186.83333333333334,187.3791666666667,20.5125,64.56666666666666,195.1916666666667,80.19166666666666,88.875,0.0,1012.4583333333334,79.04166666666667,20.575,0.6208333333333333,1.1141666666666667
2024-12-11,72.29166666666667,161.79166666666666,266.8958333333333,10.458333333333334,33.416666666666664,89.8125,69.27916666666667,93.66666666666667,0.0,1014.9583333333334,82.0,19.0,0.8166666666666668,1.8766666666666667
2024-12-12,37.666666666666664,107.54166666666667,183.17499999999998,11.5,39.47083333333333,45.81666666666666,108.73333333333333,100.0,0.0,1017.3333333333334,69.04166666666667,16.925,0.5499999999999999,1.7329166666666669
2024-12-13,44.625,124.33333333333333,163.65416666666667,7.75,59.69583333333333,55.73333333333333,101.32083333333333,100.0,0.0,1020.2916666666666,67.625,16.720833333333335,0.5583333333333333,2.8866666666666667
2024-12-14,52.8475,139.95833333333334,149.9125,7.875,63.387499999999996,65.37916666666666,101.19583333333333,100.0,0.010416666666666666,1024.5833333333333,59.708333333333336,16.183333333333334,0.5499999999999999,2.515
2024-12-15,65.76375,158.33333333333334,119.825,11.441666666666668,67.54166666666667,81.60416666666667,101.0,98.29166666666667,0.010416666666666666,1025.125,57.541666666666664,16.087500000000002,0.5666666666666667,1.4649999999999999
2024-12-16,82.36125,178.70833333333334,316.02500000000003,22.808333333333334,49.00416666666666,93.22083333333335,124.0,91.66666666666667,0.0,1022.25,62.75,16.608333333333334,1.1875,1.4954166666666666
2024-12-17,122.47208333333333,239.08333333333334,1111.2250000000001,14.470833333333333,19.10833333333333,124.83333333333333,42.75,90.33333333333333,0.0,1018.9166666666666,64.04166666666667,18.175,1.7041666666666666,1.0233333333333334
2024-12-18,53.708333333333336,132.625,771.5208333333334,10.487499999999999,61.9,59.19583333333333,86.08333333333333,31.0,0.0,1020.3333333333334,55.0,19.129166666666666,1.2041666666666668,1.6566666666666665
2024-12-19,87.83333333333333,188.54166666666666,489.2833333333333,15.237499999999999,46.09583333333333,94.20833333333333,74.95833333333333,38.5,0.0,1020.0416666666666,61.125,17.158333333333335,1.3041666666666667,1.1391666666666667
2024-12-20,82.20875,185.58333333333334,624.8000000000001,14.958333333333334,33.44583333333333,95.85000000000001,53.06666666666666,84.20833333333333,0.03125,1018.0,62.75,17.483333333333334,1.6083333333333334,1.5633333333333335
2024-12-21,103.0,196.54166666666666,672.7166666666666,14.929166666666667,27.791666666666668,111.16666666666667,50.375,75.33333333333333,0.0,1018.6666666666666,64.08333333333333,17.816666666666666,1.3583333333333334,1.4120833333333334
2024-12-22,130.11083333333332,193.66666666666666,765.7541666666666,13.9,27.71666666666667,138.05833333333334,47.89166666666667,20.541666666666668,0.0,1019.0,67.79166666666667,16.995833333333334,0.8458333333333333,1.3841666666666665
2024-12-23,124.375,214.375,1203.7458333333334,13.262500000000001,30.616666666666664,140.02083333333334,52.15,40.916666666666664,0.0,1018.5,68.16666666666667,16.2375,1.5583333333333333,1.0075
2024-12-24,93.98583333333333,195.75,682.0791666666667,13.375,40.99583333333333,110.17916666666667,69.29166666666667,92.16666666666667,0.0,1019.7916666666666,55.583333333333336,18.349999999999998,1.5166666666666666,1.8066666666666666
2024-12-25,148.43041666666667,212.54166666666666,1006.3083333333334,14.695833333333333,18.195833333333333,165.02916666666667,46.512499999999996,92.95833333333333,0.0,1018.7916666666666,65.20833333333333,19.741666666666667,1.4541666666666666,1.5095833333333333
2024-12-26,96.86125,205.04166666666666,488.9291666666666,15.929166666666667,40.6625,103.0125,77.1125,91.29166666666667,0.0,1020.5833333333334,66.58333333333333,20.916666666666668,0.75,1.4729166666666667
2024-12-27,49.958333333333336,136.08333333333334,204.19583333333333,9.529166666666667,68.91666666666667,51.291666666666664,119.08333333333333,100.0,0.0,1022.875,72.54166666666667,18.695833333333333,0.5499999999999999,2.2920833333333333
2024-12-28,44.16708333333333,118.33333333333333,794.5166666666668,12.779166666666667,18.3875,60.762499999999996,33.42916666666667,68.04166666666667,0.0,1024.6666666666667,64.66666666666667,18.320833333333333,1.1833333333333333,2.3758333333333335
2024-12-29,78.59708333333333,180.5,726.8416666666667,14.262500000000001,40.862500000000004,97.44583333333333,56.583333333333336,40.75,0.0,1020.2916666666666,67.625,18.183333333333334,1.7166666666666668,1.8245833333333332
2024-12-30,100.27791666666667,193.70833333333334,548.7041666666667,13.929166666666667,51.395833333333336,111.30416666666667,64.60000000000001,84.16666666666667,0.0,1019.375,78.5,17.741666666666667,0.5583333333333333,1.1783333333333335
2024-12-31,97.16624999999999,173.16666666666666,784.975,11.083333333333334,38.28333333333333,114.93333333333334,65.3625,84.25,0.0,1019.75,73.95833333333333,18.054166666666667,0.8791666666666668,1.8570833333333334
2025-01-01,138.79166666666666,211.20833333333334,672.1333333333333,24.333333333333332,40.82083333333333,151.65416666666667,77.93333333333334,3.0833333333333335,0.0,1015.9166666666666,74.45833333333333,17.820833333333333,1.7041666666666666,1.3325
2025-01-02,143.625,202.375,855.5333333333333,14.608333333333334,62.80833333333334,161.09583333333333,71.91666666666667,60.291666666666664,0.0,1016.9583333333334,71.625,19.533333333333335,1.6083333333333334,0.9825
2025-01-03,129.86125,204.95833333333334,714.2624999999999,11.25,18.849999999999998,155.67499999999998,33.112500000000004,26.541666666666668,0.0,1018.5416666666666,66.0,19.970833333333335,1.7541666666666667,1.4091666666666667
2025-01-04,117.34708333333333,194.5,409.79583333333335,17.541666666666668,50.50833333333333,125.46666666666665,65.375,27.583333333333332,0.0,1017.6666666666666,68.125,18.8875,1.2166666666666666,1.60125
2025-01-05,104.51375,198.75,317.7333333333333,13.112499999999999,43.74166666666667,118.82083333333333,68.42916666666666,50.25,0.020833333333333332,1019.0,69.0,18.616666666666667,1.7625,1.02875
2025-01-06,114.88875,218.41666666666666,284.175,13.379166666666668,93.44583333333333,121.70833333333333,97.10000000000001,5.416666666666667,0.0,1016.5416666666666,67.375,18.870833333333334,1.75,1.4208333333333334
2025-01-07,137.12541666666667,213.625,714.025,12.066666666666668,44.34166666666667,147.36249999999998,60.775,65.54166666666667,0.0,1016.0,78.66666666666667,18.841666666666665,0.7083333333333334,1.5170833333333336
2025-01-08,74.65291666666667,173.33333333333334,217.89166666666665,16.320833333333333,87.19583333333333,79.97500000000001,66.82083333333334,94.20833333333333,0.0,1016.875,79.79166666666667,19.883333333333333,1.0958333333333334,1.4616666666666667
2025-01-09,116.04166666666667,214.41666666666666,180.82916666666665,25.09583333333333,78.25,146.72916666666666,120.19583333333333,94.95833333333333,0.0,1019.9166666666666,63.041666666666664,19.912499999999998,0.65,1.9954166666666666
2025-01-10,48.548750000000005,128.79166666666666,37.454166666666666,56.0,59.63333333333333,72.9375,112.55416666666667,100.0,0.0,1026.625,53.666666666666664,16.695833333333333,0.8624999999999999,2.6149999999999998
2025-01-11,60.132083333333334,151.29166666666666,10.0,84.575,21.033333333333335,90.86666666666667,169.84583333333333,78.29166666666667,0.0,1029.1666666666667,54.0,15.579166666666666,0.7124999999999999,2.5370833333333334
2025-01-12,79.15958333333333,173.125,22.741666666666664,80.53750000000001,54.574999999999996,99.78333333333335,80.875,31.583333333333332,0.0,1025.7916666666667,55.166666666666664,14.6,1.3291666666666666,1.4620833333333334
2025-01-13,111.875,208.29166666666666,63.25416666666666,94.41666666666667,50.958333333333336,138.24166666666667,86.0,0.0,0.0,1020.8333333333334,66.16666666666667,14.404166666666667,1.8333333333333333,1.165
2025-01-14,105.29166666666667,194.58333333333334,20.7625,111.1875,47.01666666666667,127.35416666666667,96.07083333333333,52.916666666666664,0.0,1019.875,74.16666666666667,16.1875,1.4375,1.2012500000000002
2025-01-15,130.29833333333332,194.79166666666666,74.40416666666667,110.5125,34.92916666666667,167.525,150.54166666666666,86.125,0.0,1023.0416666666666,65.58333333333333,19.275000000000002,0.6958333333333333,1.4954166666666666
2025-01-16,98.15958333333333,201.375,90.50833333333333,77.95833333333333,85.4875,121.70833333333333,115.29166666666667,56.041666666666664,0.0,1023.4166666666666,53.958333333333336,18.820833333333333,1.5999999999999999,1.8025
2025-01-17,97.46541666666667,194.25,98.78333333333335,81.625,57.19166666666667,125.15833333333335,62.39166666666667,7.416666666666667,0.0,1019.7916666666666,68.20833333333333,17.483333333333334,1.8708333333333333,1.4766666666666666
2025-01-18,122.19458333333334,206.08333333333334,10.0,107.7625,77.4375,145.8125,68.66666666666667,95.375,0.0,1017.8333333333334,76.54166666666667,16.375,0.7916666666666666,1.1308333333333334
2025-01-19,124.67375,215.20833333333334,22.883333333333336,83.04166666666667,56.225,150.14583333333334,92.5,80.95833333333333,0.0,1015.75,69.5,17.995833333333334,1.5791666666666666,1.4833333333333334
2025-01-20,160.285,211.625,78.8125,116.07083333333333,66.26666666666667,206.89583333333334,103.97500000000001,75.95833333333333,0.0,1014.125,67.95833333333333,19.133333333333333,1.8083333333333333,1.2954166666666667
2025-01-21,115.81916666666666,194.75,10.0,113.23333333333333,104.92916666666667,152.34583333333333,83.125,59.625,0.0,1013.5,70.41666666666667,19.650000000000002,1.8791666666666667,1.8616666666666666
2025-01-22,75.50208333333333,170.125,25.358333333333334,77.6125,95.64166666666667,107.78750000000001,63.72083333333333,82.33333333333333,0.0,1014.0,85.66666666666667,19.495833333333334,0.6041666666666666,1.4554166666666666
2025-01-23,47.6875,131.375,30.395833333333332,74.75,80.59583333333333,87.12916666666666,48.59583333333333,92.125,0.0,1013.0416666666666,85.25,20.120833333333334,0.6208333333333333,1.6375
2025-01-24,52.14625,137.125,10.0,56.35833333333333,75.44583333333334,76.05416666666666,34.55833333333333,88.83333333333333,0.0,1010.2916666666666,86.875,20.8875,0.6875,1.9858333333333331
2025-01-25,45.430416666666666,126.125,15.4625,48.137499999999996,62.525,61.487500000000004,36.637499999999996,99.45833333333333,0.0,1011.4166666666666,86.75,21.837500000000002,0.7416666666666667,1.8395833333333333
2025-01-26,23.020833333333332,73.5,119.35833333333333,14.429166666666667,62.725,28.808333333333334,82.9875,95.79166666666667,0.0,1021.875,66.375,16.337500000000002,0.6041666666666666,3.38625
2025-01-27,48.63166666666667,108.79166666666667,137.6625,36.479166666666664,53.47083333333333,61.487500000000004,78.39999999999999,70.29166666666667,0.07291666666666667,1022.4166666666666,40.458333333333336,15.862499999999999,0.8416666666666667,2.0070833333333336
2025-01-28,59.104166666666664,136.125,43.125,33.3125,61.8125,77.84583333333333,94.58333333333333,78.58333333333333,0.0,1023.6666666666666,44.541666666666664,15.120833333333332,1.2666666666666666,2.1083333333333334
2025-01-29,109.88208333333334,195.0,80.3125,26.116666666666664,34.583333333333336,136.50416666666666,55.75,64.66666666666667,0.0,1022.0833333333334,62.916666666666664,14.700000000000001,1.2458333333333333,1.365
2025-01-30,70.36791666666666,163.25,26.22083333333333,38.59166666666667,53.5375,81.42083333333333,75.90416666666667,70.04166666666667,0.0,1015.0416666666666,71.375,16.783333333333335,0.875,1.9100000000000001
2025-01-31,39.65958333333334,111.25,37.25,32.34583333333333,72.56666666666666,57.625,39.19583333333333,79.33333333333333,0.0,1011.25,78.54166666666667,20.683333333333334,0.7166666666666667,1.6366666666666667
2025-02-01,33.464999999999996,97.04166666666667,27.72083333333333,27.733333333333334,54.49166666666667,41.0375,29.483333333333334,82.45833333333333,0.2916666666666667,1009.7916666666666,85.66666666666667,20.566666666666666,0.6916666666666668,1.87375
2025-02-02,31.41625,92.70833333333333,58.82083333333333,22.045833333333334,51.15833333333333,38.99166666666667,44.40416666666667,93.875,0.4479166666666667,1010.7916666666666,81.70833333333333,21.125,0.6625,2.1233333333333335
2025-02-03,22.63208333333333,72.83333333333333,52.49583333333334,29.254166666666666,57.88333333333333,29.608333333333334,80.02916666666667,91.91666666666667,0.0,1018.625,62.583333333333336,17.433333333333334,0.6416666666666667,3.10875
2025-02-04,31.44666666666667,92.79166666666667,15.295833333333334,51.487500000000004,82.01666666666667,41.262499999999996,98.7375,85.70833333333333,0.0,1020.5416666666666,47.666666666666664,17.116666666666667,0.9083333333333333,2.2620833333333334
2025-02-05,58.430416666666666,147.125,30.270833333333332,59.47083333333333,53.74583333333334,76.27083333333333,62.22083333333333,98.16666666666667,0.22916666666666666,1015.5,73.375,16.729166666666668,0.6708333333333334,2.1091666666666664
2025-02-06,75.77041666666666,166.70833333333334,16.904166666666665,58.43333333333334,45.82916666666667,104.0125,71.52916666666667,100.0,0.3645833333333333,1014.2083333333334,91.16666666666667,15.908333333333333,0.6625,1.4037499999999998
2025-02-07,18.8125,64.08333333333333,61.87083333333334,69.84166666666667,42.358333333333334,29.3125,75.19583333333334,100.0,0.17708333333333334,1020.625,78.20833333333333,14.512500000000001,0.6625,2.9983333333333335
2025-02-08,26.270833333333332,81.45833333333333,59.44166666666666,54.625,68.125,42.56666666666667,104.97083333333335,100.0,0.0,1023.75,63.291666666666664,14.320833333333333,0.6666666666666666,2.7129166666666666
2025-02-09,46.6875,128.5,10.0,67.05416666666666,58.82083333333333,72.71666666666667,132.15416666666667,92.16666666666667,0.2916666666666667,1022.375,56.5,14.8375,0.7958333333333334,1.87625
2025-02-10,105.20166666666667,199.875,10.0,89.07083333333333,52.92916666666667,131.80416666666667,100.79166666666667,96.58333333333333,1.0104166666666667,1019.0416666666666,66.45833333333333,15.450000000000001,0.9583333333333334,1.09
2025-02-11,119.16666666666667,233.33333333333334,29.5125,114.28333333333335,62.62083333333334,201.5,49.083333333333336,80.875,0.22916666666666666,1015.875,74.95833333333333,18.5125,0.7583333333333333,1.485
2025-02-12,115.57625,197.25,10.0,68.62916666666666,56.92916666666667,164.13750000000002,61.23333333333333,98.29166666666667,0.5,1015.5833333333334,80.54166666666667,19.2625,0.6875,1.1320833333333333
2025-02-13,86.25,185.33333333333334,10.0,86.2375,74.70833333333333,120.80416666666667,77.9875,100.0,0.4583333333333333,1016.125,79.125,20.029166666666665,0.8958333333333334,1.7566666666666666
2025-02-14,63.22875,157.95833333333334,38.145833333333336,66.08333333333333,70.29166666666667,92.375,62.40416666666667,96.66666666666667,0.22916666666666666,1014.0,85.0,20.095833333333335,0.7000000000000001,2.0470833333333336
2025-02-15,50.666666666666664,135.45833333333334,109.95833333333333,50.166666666666664,48.36666666666667,95.10000000000001,41.387499999999996,100.0,0.041666666666666664,1011.9166666666666,91.04166666666667,20.441666666666666,0.7083333333333334,1.6725
2025-02-16,29.59,87.70833333333333,81.6,13.845833333333333,28.8125,39.44166666666667,51.875,100.0,0.09375,1015.6666666666666,92.16666666666667,17.191666666666666,0.7000000000000001,2.6404166666666664
2025-02-17,44.979166666666664,124.33333333333333,79.10833333333333,38.387499999999996,41.875,69.25,66.95833333333333,100.0,0.2916666666666667,1018.0416666666666,91.95833333333333,16.224999999999998,0.7041666666666666,1.1583333333333334
2025-02-18,32.916666666666664,95.91666666666667,78.70416666666667,31.375,45.64166666666667,46.7125,83.77916666666667,84.45833333333333,0.2708333333333333,1019.2083333333334,93.58333333333333,15.766666666666666,0.7208333333333333,1.5170833333333336
2025-02-19,44.26416666666666,124.0,17.029166666666665,55.354166666666664,45.17083333333333,89.0,51.25,99.625,0.375,1017.75,94.20833333333333,16.0,0.7125,0.8075
2025-02-20,61.17333333333334,154.625,95.875,72.64583333333333,56.24583333333334,102.51666666666667,37.31666666666667,100.0,0.8125,1017.4166666666666,93.58333333333333,18.287499999999998,0.7291666666666666,1.0854166666666667
2025-02-21,57.375,149.79166666666666,24.84583333333333,53.708333333333336,42.112500000000004,101.10416666666667,47.05833333333334,100.0,0.2708333333333333,1018.2083333333334,91.66666666666667,19.462500000000002,0.7291666666666666,1.7366666666666666
2025-02-22,66.45125,162.79166666666666,16.295833333333334,58.65,59.59583333333333,105.04166666666667,55.375,100.0,0.4270833333333333,1019.0833333333334,93.29166666666667,18.466666666666665,0.7333333333333334,1.29
2025-02-23,34.76375,97.41666666666667,70.2625,74.05833333333334,40.5875,55.65833333333333,83.70833333333333,100.0,0.1875,1023.3333333333334,88.79166666666667,16.383333333333333,0.7374999999999999,2.1566666666666667
2025-02-24,31.74291666666667,92.83333333333333,157.45833333333334,20.3875,44.19583333333333,40.99166666666667,99.29166666666667,100.0,0.17708333333333334,1026.4583333333333,84.125,13.716666666666667,0.7416666666666667,1.78625
2025-02-25,42.923750000000005,120.08333333333333,64.04166666666667,45.94166666666666,36.583333333333336,64.96249999999999,98.43333333333334,100.0,0.4375,1024.4583333333333,91.20833333333333,14.237499999999999,0.75,1.1070833333333334
2025-02-26,40.583333333333336,112.33333333333333,18.849999999999998,59.0,39.737500000000004,69.14583333333333,94.98333333333333,96.79166666666667,0.3541666666666667,1021.4166666666666,88.25,15.125,0.7791666666666667,0.9258333333333333
2025-02-27,84.5625,188.75,130.02083333333334,70.58333333333333,30.075,123.54166666666667,74.72500000000001,100.0,0.0,1016.0416666666666,87.79166666666667,17.8875,0.7999999999999999,1.1725
2025-02-28,59.75666666666667,148.58333333333334,73.64583333333333,71.93333333333334,48.862500000000004,119.47083333333335,40.108333333333334,98.29166666666667,0.0,1013.1666666666666,87.125,20.483333333333334,0.7708333333333334,2.13125
2025-03-01,50.416666666666664,135.83333333333334,27.958333333333332,49.987500000000004,62.112500000000004,86.36666666666667,30.52916666666667,100.0,0.0625,1010.125,90.125,21.666666666666668,0.9874999999999999,1.6720833333333334
2025-03-02,35.875,102.33333333333333,23.03333333333333,45.30416666666667,67.02916666666667,54.520833333333336,27.97083333333333,100.0,0.052083333333333336,1008.1666666666666,91.41666666666667,22.541666666666668,1.2416666666666667,1.8483333333333334
2025-03-03,40.208333333333336,113.20833333333333,23.287499999999998,53.666666666666664,64.23333333333333,66.04166666666667,27.77916666666667,98.29166666666667,0.041666666666666664,1007.4166666666666,91.0,23.679166666666664,1.175,1.87375
2025-03-04,45.125,123.83333333333333,15.995833333333332,54.8125,49.975,83.98333333333333,28.0125,85.75,0.052083333333333336,1005.875,87.25,24.670833333333334,1.5250000000000001,2.0500000000000003
2025-03-05,48.21541666666667,131.33333333333334,10.0,70.56666666666666,50.22083333333333,84.79166666666667,66.29166666666667,100.0,0.2708333333333333,1007.3333333333334,91.16666666666667,23.22083333333333,0.8041666666666667,1.71125
2025-03-06,39.854166666666664,110.54166666666667,35.791666666666664,85.22083333333333,63.737500000000004,69.25,66.94583333333334,100.0,0.010416666666666666,1017.7916666666666,67.25,17.166666666666668,0.8083333333333332,3.129583333333333
2025-03-07,36.069583333333334,103.20833333333333,10.0,136.17916666666667,65.47083333333333,67.18333333333334,97.45833333333333,96.66666666666667,0.17708333333333334,1020.0,55.375,16.695833333333333,0.8875000000000001,1.7208333333333332
2025-03-08,69.86791666666666,167.54166666666666,39.25833333333333,91.08333333333333,52.791666666666664,112.60833333333333,105.17916666666667,93.66666666666667,0.0625,1019.0416666666666,70.33333333333333,16.579166666666666,0.9458333333333333,1.0004166666666667
2025-03-09,107.27791666666667,201.95833333333334,12.291666666666666,110.25,38.916666666666664,203.28333333333333,88.10000000000001,98.08333333333333,0.0,1019.0,79.75,18.5125,0.8666666666666667,1.5879166666666666
2025-03-10,97.52791666666667,206.0,15.758333333333333,108.80833333333334,64.29166666666667,195.23749999999998,67.05416666666666,92.04166666666667,0.16666666666666666,1017.75,86.75,19.929166666666667,0.8666666666666667,1.55
2025-03-11,64.45833333333333,158.125,24.920833333333334,82.77083333333333,67.47083333333333,133.73749999999998,44.40416666666667,95.20833333333333,0.11458333333333333,1013.125,84.08333333333333,21.825,0.8875000000000001,2.2483333333333335
2025-03-12,37.770833333333336,107.66666666666667,19.229166666666668,76.53750000000001,45.425000000000004,70.64583333333333,46.35833333333333,82.58333333333333,0.0,1010.1666666666666,88.91666666666667,22.320833333333336,0.8666666666666667,2.2345833333333336
2025-03-13,34.367916666666666,98.20833333333333,10.0,67.05,47.37083333333334,56.199999999999996,39.666666666666664,78.08333333333333,0.14583333333333334,1009.875,94.45833333333333,22.75,0.8791666666666668,1.6658333333333333
2025-03-14,44.479166666666664,126.04166666666667,17.770833333333332,77.54166666666667,70.74583333333334,77.22083333333333,33.69583333333333,88.95833333333333,0.15625,1009.5416666666666,88.33333333333333,24.90416666666667,1.05,2.4516666666666667
2025-03-15,37.645833333333336,107.33333333333333,12.354166666666666,81.95833333333333,48.458333333333336,66.87083333333334,64.9875,100.0,0.14583333333333334,1011.4166666666666,87.45833333333333,24.554166666666664,0.8875000000000001,1.9020833333333333
2025-03-16,25.048333333333332,77.70833333333333,13.545833333333334,100.45833333333333,68.60833333333333,41.12916666666667,77.92916666666666,98.29166666666667,0.052083333333333336,1018.0416666666666,61.0,20.004166666666666,1.3041666666666667,2.6366666666666667
2025-03-17,52.729166666666664,135.16666666666666,75.6375,67.22083333333333,73.72500000000001,67.59166666666667,95.3875,96.79166666666667,0.14583333333333334,1019.375,66.83333333333333,18.191666666666666,1.0666666666666667,1.5429166666666667
2025-03-18,54.77791666666667,141.5,74.78750000000001,26.650000000000002,84.125,67.725,78.10000000000001,98.29166666666667,0.11458333333333333,1022.6666666666666,60.708333333333336,18.1375,0.9833333333333334,1.82875
2025-03-19,47.4725,127.33333333333333,104.12083333333334,26.09583333333333,77.31666666666666,59.13333333333333,67.83333333333333,97.16666666666667,0.0625,1024.375,59.125,19.3125,1.1083333333333334,1.8645833333333333
2025-03-20,110.45791666666666,192.0,123.97083333333335,13.570833333333333,84.05416666666666,125.60000000000001,64.05416666666666,71.375,0.0,1022.5416666666666,54.583333333333336,20.679166666666667,2.6666666666666665,1.6283333333333332
2025-03-21,136.98625,224.375,175.15416666666667,30.320833333333336,99.01666666666667,166.05416666666667,92.47500000000001,10.083333333333334,0.041666666666666664,1020.6666666666666,57.625,20.495833333333334,2.4583333333333335,1.5783333333333334
2025-03-22,119.65291666666667,202.45833333333334,340.64166666666665,25.929166666666664,97.77083333333333,147.86666666666667,68.375,0.0,0.2604166666666667,1018.125,61.208333333333336,21.670833333333334,2.908333333333333,2.2675
2025-03-23,88.66666666666667,193.375,284.35833333333335,19.183333333333334,112.66666666666667,101.77083333333333,66.77916666666667,40.333333333333336,0.11458333333333333,1015.5,77.70833333333333,22.133333333333336,2.8375,2.4983333333333335
2025-03-24,92.65249999999999,199.41666666666666,252.08333333333334,26.708333333333332,103.89999999999999,102.00416666666666,102.48333333333333,23.5,0.7083333333333334,1012.0,74.58333333333333,23.633333333333336,2.2458333333333336,1.595
2025-03-25,71.67999999999999,167.45833333333334,141.4625,21.829166666666666,92.18333333333334,83.07083333333334,56.291666666666664,88.79166666666667,0.5729166666666666,1006.9166666666666,81.66666666666667,23.429166666666664,1.4124999999999999,1.4529166666666666
2025-03-26,57.4725,143.08333333333334,106.65833333333335,14.875,82.83333333333333,69.27916666666667,44.77916666666667,98.29166666666667,0.0,1004.2083333333334,86.04166666666667,23.241666666666664,1.7291666666666667,2.3725
2025-03-27,53.8475,143.08333333333334,128.83333333333334,14.433333333333332,102.84583333333335,66.44583333333334,43.208333333333336,93.66666666666667,0.3541666666666667,1001.75,90.58333333333333,23.829166666666666,2.2041666666666666,2.1175
2025-03-28,66.125,163.95833333333334,102.30416666666667,15.358333333333334,53.82083333333333,80.04583333333333,31.583333333333332,84.66666666666667,0.0,1004.8333333333334,86.16666666666667,25.7,1.0625,2.0995833333333334
2025-03-29,56.263749999999995,135.58333333333334,51.63333333333333,8.541666666666666,38.475,62.537499999999994,31.333333333333332,93.625,0.0,1013.8333333333334,82.79166666666667,18.808333333333334,0.9666666666666667,2.6366666666666667
2025-03-30,23.73625,75.41666666666667,94.60833333333333,16.041666666666668,57.82083333333333,29.4875,62.875,87.45833333333333,0.0625,1020.0416666666666,68.41666666666667,15.525,0.9708333333333333,2.984166666666667
2025-03-31,35.88916666666667,102.79166666666667,136.93333333333334,21.7375,54.36666666666667,48.449999999999996,77.3625,98.29166666666667,0.041666666666666664,1019.0833333333334,60.75,16.683333333333334,1.3958333333333333,1.9708333333333332
2025-04-01,55.6525,147.08333333333334,92.56666666666666,16.279166666666665,68.77499999999999,82.71249999999999,71.02916666666667,90.54166666666667,0.0,1018.125,56.541666666666664,19.5625,1.9791666666666667,1.4816666666666667
2025-04-02,101.47208333333333,206.875,102.26666666666667,23.416666666666668,45.25,177.28333333333333,60.112500000000004,80.91666666666667,0.0,1017.4583333333334,64.58333333333333,21.279166666666665,1.2416666666666667,1.48125
2025-04-03,90.34750000000001,186.83333333333334,169.25416666666666,18.608333333333334,95.55416666666667,112.83333333333333,55.137499999999996,58.333333333333336,0.0,1016.125,62.541666666666664,22.34166666666667,3.0,2.1566666666666667
2025-04-04,72.86125,172.79166666666666,121.60000000000001,19.141666666666666,65.125,83.19583333333334,34.237500000000004,75.5,0.0,1012.0,76.58333333333333,22.087500000000002,1.1833333333333333,1.7479166666666668
2025-04-05,64.98625,166.04166666666666,211.59583333333333,28.316666666666666,64.1375,88.29583333333333,89.47083333333335,99.79166666666667,0.041666666666666664,1012.875,90.04166666666667,21.4875,0.9916666666666667,1.3591666666666666
2025-04-06,94.23625,201.66666666666666,318.65000000000003,39.083333333333336,65.1375,111.89583333333333,106.1375,100.0,0.020833333333333332,1013.5,87.79166666666667,22.233333333333334,1.0958333333333334,1.2779166666666668
2025-04-07,87.93041666666666,193.25,180.38333333333333,23.945833333333336,84.58333333333333,104.99166666666667,67.625,95.25,0.052083333333333336,1014.3333333333334,88.58333333333333,21.962500000000002,1.0083333333333333,2.0825
2025-04-08,78.625,180.0,181.24166666666667,23.52916666666667,69.65416666666667,82.60416666666667,63.833333333333336,87.83333333333333,0.0,1013.9166666666666,85.0,23.391666666666666,1.1333333333333333,1.85875
2025-04-09,62.3475,158.29166666666666,142.16666666666666,16.220833333333335,68.625,75.125,33.5,99.45833333333333,0.0,1009.4166666666666,84.625,24.912499999999998,1.0291666666666666,2.5116666666666667
2025-04-10,57.375,151.04166666666666,106.8125,16.5,63.47083333333333,71.7375,27.233333333333334,100.0,0.020833333333333332,1005.8333333333334,89.875,24.525000000000002,1.0708333333333333,2.23375
2025-04-11,64.45833333333333,161.04166666666666,129.17916666666667,32.75,120.3875,76.1,37.57083333333333,96.79166666666667,0.0,1004.0833333333334,88.125,25.333333333333332,1.2083333333333333,1.70875
2025-04-12,78.375,177.79166666666666,143.37083333333334,52.65416666666667,108.28333333333335,97.5,60.625,95.25,0.23958333333333334,1007.0,79.125,26.650000000000002,1.2458333333333333,1.7545833333333334
2025-04-13,65.55541666666666,148.0,128.29999999999998,96.2375,52.09166666666667,124.09166666666665,42.98333333333333,84.29166666666667,0.08333333333333333,1015.75,64.125,23.0,2.1083333333333334,2.3670833333333334
2025-04-14,84.7225,197.5,307.075,84.39166666666667,30.754166666666666,191.45416666666665,60.1,83.70833333333333,0.07291666666666667,1013.375,61.791666666666664,23.7625,1.0666666666666667,1.32125
2025-04-15,100.30541666666666,218.29166666666666,336.7,36.583333333333336,12.9125,223.58333333333334,33.291666666666664,8.791666666666666,0.125,1010.875,61.375,25.712500000000002,1.2791666666666666,1.9875
2025-04-16,113.33333333333333,227.04166666666666,289.4291666666667,17.25,23.0625,205.42916666666667,43.958333333333336,42.416666666666664,0.10416666666666667,1007.625,60.791666666666664,25.65416666666667,1.1916666666666667,2.0170833333333333
2025-04-17,67.40291666666667,165.58333333333334,252.4333333333333,47.0,28.375,146.10833333333332,31.5,73.875,0.0,1005.125,83.58333333333333,25.629166666666666,1.6791666666666665,2.3754166666666667
2025-04-18,69.68041666666666,162.70833333333334,279.3541666666667,53.40416666666667,66.12916666666666,114.69166666666666,43.02916666666667,77.91666666666667,0.11458333333333333,1003.9583333333334,84.95833333333333,27.045833333333334,1.8291666666666666,2.247916666666667
2025-04-19,66.83333333333333,164.41666666666666,122.91666666666667,13.208333333333334,112.46249999999999,84.52916666666667,46.975,77.95833333333333,0.21875,1004.0416666666666,80.66666666666667,28.870833333333334,1.3583333333333334,2.35125
2025-04-20,49.45791666666667,130.45833333333334,117.96249999999999,56.65416666666667,88.6875,63.26666666666667,68.52499999999999,53.166666666666664,0.21875,1005.3333333333334,79.45833333333333,29.0125,2.6166666666666667,2.2333333333333334
2025-04-21,64.08333333333333,157.16666666666666,136.72083333333333,13.25,55.85833333333333,90.29583333333333,289.07916666666665,78.08333333333333,0.0,1007.6666666666666,89.91666666666667,26.329166666666666,2.4250000000000003,2.6233333333333335
2025-04-22,69.93041666666666,163.41666666666666,185.98333333333335,37.5,79.0,114.41666666666667,442.5125,94.875,0.0,1006.25,86.25,27.508333333333336,2.1,2.254166666666667
2025-04-23,66.01375,162.95833333333334,107.39166666666667,22.041666666666668,61.43333333333334,97.51666666666667,207.10833333333335,65.29166666666667,0.0,1004.375,83.25,28.34166666666667,2.1791666666666667,1.7145833333333333
2025-04-24,56.583333333333336,144.125,150.07500000000002,32.375,91.83749999999999,66.06666666666666,43.1,86.16666666666667,0.5625,1005.125,85.66666666666667,27.879166666666666,1.2625,2.0837499999999998
2025-04-25,38.625,115.375,129.07083333333333,24.4875,74.8,53.17916666666667,166.27916666666667,86.54166666666667,0.9583333333333334,1009.125,82.0,25.912499999999998,1.2625,1.9570833333333333
2025-04-26,51.986250000000005,139.95833333333334,239.13750000000002,18.316666666666666,66.03333333333333,88.00416666666666,388.98333333333335,96.79166666666667,0.0,1009.5,88.0,25.962500000000002,1.1583333333333334,2.2620833333333334
2025-04-27,48.875,131.29166666666666,146.06666666666666,14.375,66.48333333333333,65.16666666666667,236.29166666666666,95.25,0.0,1008.7083333333334,88.16666666666667,27.320833333333336,1.2166666666666666,1.6166666666666665
2025-04-28,41.23625,117.33333333333333,280.28333333333336,19.654166666666665,53.84166666666667,65.78750000000001,194.57083333333333,88.45833333333333,0.13541666666666666,1010.375,90.08333333333333,25.291666666666668,1.0625,1.7983333333333331
2025-04-29,94.02791666666667,201.375,484.9666666666667,30.34583333333333,24.395833333333332,155.0875,680.7916666666666,87.45833333333333,0.0,1010.875,84.16666666666667,25.95,1.4291666666666665,1.3154166666666667
2025-04-30,57.138749999999995,150.04166666666666,222.725,22.4875,67.27499999999999,73.82916666666667,160.16666666666666,90.33333333333333,0.8854166666666666,1009.9166666666666,84.125,27.65416666666667,1.3583333333333334,1.5320833333333335
2025-05-01,47.1068,128.68,165.15599999999998,23.691999999999997,59.82,54.9,181.94799999999998,80.04,0.78,1012.28,85.88,25.82,1.16,0.9936
2025-05-02,63.791666666666664,160.125,262.2583333333333,25.570833333333336,59.02916666666667,98.14583333333333,444.8208333333334,31.166666666666668,0.0,1008.9583333333334,76.41666666666667,27.7,2.733333333333333,1.4820833333333334
2025-05-03,51.61083333333334,138.33333333333334,153.32916666666668,16.929166666666667,69.3625,67.29583333333333,209.90416666666667,58.5,0.03125,1006.0833333333334,82.29166666666667,28.15833333333333,1.1833333333333333,2.1370833333333334
2025-05-04,43.513749999999995,122.0,134.14583333333334,15.112499999999999,99.64999999999999,58.237500000000004,47.15416666666667,76.66666666666667,0.4583333333333333,1004.0,84.16666666666667,27.929166666666664,2.191666666666667,2.3445833333333335
2025-05-05,47.73583333333334,132.54166666666666,180.86249999999998,13.608333333333334,123.22500000000001,68.88333333333334,58.041666666666664,60.791666666666664,0.5208333333333334,1003.3333333333334,79.66666666666667,29.787499999999998,2.775,2.004166666666667
2025-05-06,45.111250000000005,122.79166666666667,95.95833333333333,13.725,77.07916666666667,64.34583333333333,31.400000000000002,58.458333333333336,0.0625,1003.9166666666666,82.5,29.770833333333332,1.2249999999999999,2.10875
2025-05-07,38.98625,110.125,103.67916666666667,15.262500000000001,94.80416666666667,48.6625,40.25,82.16666666666667,0.020833333333333332,1002.375,82.25,29.900000000000002,1.0999999999999999,2.17375
2025-05-08,50.180416666666666,133.66666666666666,167.88333333333333,11.154166666666667,64.05833333333334,86.72083333333335,34.391666666666666,81.79166666666667,0.0,1001.125,79.66666666666667,30.974999999999998,1.7375,2.609166666666667
2025-05-09,50.541666666666664,135.75,178.3166666666667,14.483333333333334,45.574999999999996,91.19583333333333,44.125,86.70833333333333,0.07291666666666667,1003.625,76.875,30.629166666666666,1.7916666666666667,1.9904166666666667
2025-05-10,69.5,166.54166666666666,313.3875,15.279166666666667,23.508333333333336,113.98333333333333,54.083333333333336,93.375,0.5416666666666666,1007.0,83.125,27.179166666666664,1.3708333333333333,1.6170833333333334
2025-05-11,26.31958333333333,82.75,188.1625,12.4,30.870833333333334,54.75416666666666,56.17916666666667,86.45833333333333,0.7083333333333334,1011.0,77.20833333333333,23.5,1.0999999999999999,1.60125
2025-05-12,67.37458333333333,152.66666666666666,317.77500000000003,21.5,56.55833333333334,125.54166666666667,71.92083333333333,67.41666666666667,0.0,1009.1666666666666,64.66666666666667,25.295833333333334,3.0041666666666664,1.6991666666666667
2025-05-13,68.68041666666666,155.875,224.15,18.083333333333332,49.833333333333336,119.47916666666667,44.55416666666667,41.333333333333336,0.0,1008.625,72.33333333333333,26.791666666666668,2.75,1.4649999999999999
2025-05-14,47.708333333333336,127.20833333333333,94.2625,16.724999999999998,61.8125,62.15416666666667,30.666666666666668,72.375,0.0,1009.3333333333334,84.45833333333333,27.441666666666666,1.3625,2.00125
2025-05-15,42.97208333333333,117.625,121.65416666666665,18.583333333333332,46.02916666666667,63.512499999999996,29.90416666666667,60.0,0.14583333333333334,1008.2083333333334,81.95833333333333,28.40416666666667,1.0875000000000001,2.622916666666667
2025-05-16,42.38875,115.45833333333333,137.79583333333332,17.75,47.887499999999996,59.137499999999996,38.625,75.33333333333333,0.46875,1007.25,82.29166666666667,28.4875,1.0875000000000001,2.4704166666666665
2025-05-17,35.75,101.41666666666667,107.3875,16.845833333333335,43.270833333333336,48.375,26.59583333333333,80.5,1.25,1007.0416666666666,85.83333333333333,27.891666666666666,1.1041666666666667,1.58125
2025-05-18,39.208333333333336,109.08333333333333,79.8625,20.570833333333333,48.637499999999996,49.5875,30.083333333333332,79.33333333333333,0.59375,1006.4166666666666,81.91666666666667,28.724999999999998,1.2625,1.4845833333333334
2025-05-19,46.708333333333336,116.66666666666667,51.65833333333333,17.441666666666666,43.762499999999996,61.300000000000004,21.916666666666668,81.33333333333333,0.7291666666666666,1005.6666666666666,85.04166666666667,28.183333333333334,1.0833333333333333,1.9983333333333333
2025-05-20,55.291666666666664,138.79166666666666,94.075,14.375,89.8625,61.87083333333334,41.5,72.95833333333333,0.6979166666666666,1003.7083333333334,85.83333333333333,29.070833333333336,1.3416666666666668,2.3445833333333335
2025-05-21,41.86083333333333,115.66666666666667,59.7125,11.862499999999999,69.27916666666667,53.92083333333333,22.375,75.83333333333333,0.07291666666666667,1004.0,84.5,28.96666666666667,1.1916666666666667,1.6233333333333333
2025-05-22,37.22208333333334,106.33333333333333,87.20833333333333,13.570833333333333,81.9875,46.19166666666666,32.916666666666664,47.916666666666664,0.010416666666666666,1003.1666666666666,80.16666666666667,29.429166666666664,1.1125,1.8145833333333332
2025-05-23,38.569583333333334,108.125,115.54583333333333,18.958333333333332,27.645833333333332,53.75833333333333,27.0,79.875,1.4479166666666667,1004.375,91.41666666666667,27.004166666666666,1.0833333333333333,1.8275
2025-05-24,35.11125,100.125,70.19166666666666,14.512500000000001,67.52083333333333,41.75833333333333,55.65,88.91666666666667,0.8020833333333334,1009.2083333333334,90.58333333333333,24.46666666666667,1.0791666666666666,2.28125
2025-05-25,28.5275,85.70833333333333,119.53750000000001,9.137500000000001,89.64999999999999,34.983333333333334,69.97500000000001,98.29166666666667,0.0,1013.2916666666666,79.29166666666667,23.441666666666666,1.0875000000000001,2.12875
2025-05-26,34.805416666666666,101.125,114.02083333333333,11.112499999999999,91.3625,38.2875,80.45833333333333,88.70833333333333,0.020833333333333332,1012.875,67.33333333333333,25.145833333333332,1.0875000000000001,1.9258333333333333
2025-05-27,69.11125,166.25,149.0625,17.941666666666666,82.0,86.41250000000001,62.98333333333333,100.0,0.07291666666666667,1010.2916666666666,88.5,24.183333333333334,1.0833333333333333,1.2041666666666666
2025-05-28,69.05583333333333,163.25,102.43333333333334,23.7375,85.96249999999999,85.95833333333333,47.916666666666664,72.0,0.03125,1006.5,84.33333333333333,27.1125,1.8125,1.6408333333333334
2025-05-29,30.735833333333332,92.5,78.74166666666666,26.804166666666664,72.57083333333334,37.13333333333333,65.52916666666667,93.29166666666667,0.5208333333333334,1005.9583333333334,86.0,27.295833333333334,1.1291666666666667,2.2345833333333336
2025-05-30,30.847083333333334,94.83333333333333,114.06666666666666,15.041666666666666,102.81666666666666,36.637499999999996,72.7625,74.54166666666667,0.08333333333333333,1005.9166666666666,84.125,27.03333333333333,1.0958333333333334,1.20625
2025-05-31,38.541666666666664,109.70833333333333,86.02083333333333,15.0,92.8875,46.49166666666667,50.237500000000004,66.91666666666667,0.07291666666666667,1002.5833333333334,81.83333333333333,29.787499999999998,1.2458333333333333,2.0845833333333332
2025-06-01,28.597083333333334,91.79166666666667,193.02083333333334,54.51666666666667,64.5125,41.262499999999996,58.07083333333333,33.125,0.0,998.2916666666666,64.79166666666667,33.49583333333333,1.7249999999999999,2.137916666666667
2025-06-02,40.666666666666664,103.5,202.22916666666666,48.737500000000004,69.79583333333333,47.833333333333336,69.5125,56.791666666666664,0.020833333333333332,998.0416666666666,56.791666666666664,34.733333333333334,1.1083333333333334,1.7483333333333333
2025-06-03,29.194166666666664,94.5,217.9416666666667,35.125,96.44583333333333,39.725,78.1125,85.5,0.041666666666666664,1002.2916666666666,75.41666666666667,30.337500000000002,1.075,1.4566666666666668
2025-06-04,40.305416666666666,117.66666666666667,190.14166666666665,45.69583333333333,106.94166666666666,51.72083333333333,80.22083333333333,89.16666666666667,0.8854166666666666,1005.1666666666666,79.58333333333333,29.0125,1.1125,1.1895833333333334
2025-06-05,47.02791666666667,129.625,186.20833333333334,22.429166666666664,91.5,57.36666666666667,70.41666666666667,73.5,0.0,1005.5833333333334,79.75,29.979166666666668,1.9166666666666667,1.2808333333333335
2025-06-06,33.45791666666667,97.04166666666667,105.3625,15.6,89.30416666666667,40.3625,44.27916666666667,57.416666666666664,0.010416666666666666,1004.375,76.95833333333333,30.958333333333332,1.7541666666666667,2.4854166666666666
2025-06-07,33.15291666666666,96.79166666666667,86.47916666666667,13.429166666666667,99.15416666666665,39.68333333333333,40.041666666666664,63.5,0.2604166666666667,1003.5833333333334,82.08333333333333,30.150000000000002,1.4208333333333334,2.151666666666667
2025-06-08,59.6525,129.66666666666666,100.49166666666667,15.333333333333334,74.97916666666667,65.62083333333332,41.17916666666667,71.16666666666667,1.5625,1002.7916666666666,83.41666666666667,29.795833333333334,1.0916666666666666,1.9858333333333331
2025-06-09,39.25,114.08333333333333,124.02916666666665,30.566666666666666,93.71666666666665,46.52916666666667,87.6125,75.5,0.3645833333333333,1003.0,77.95833333333333,29.27916666666667,1.0833333333333333,1.2066666666666668
2025-06-10,33.319583333333334,97.20833333333333,149.26250000000002,22.27916666666667,87.82916666666667,41.32083333333333,78.3875,85.5,0.15625,1004.0416666666666,80.29166666666667,28.129166666666666,1.0999999999999999,1.8804166666666668
2025-06-11,41.19416666666667,116.16666666666667,356.46666666666664,48.791666666666664,66.90416666666667,55.60833333333333,74.94166666666666,61.041666666666664,0.17708333333333334,1003.4166666666666,72.25,29.52916666666667,2.2958333333333334,2.345
2025-06-12,54.965,115.16666666666667,362.2708333333333,45.1,57.92916666666667,68.14999999999999,60.69583333333333,61.083333333333336,0.15625,1002.0833333333334,80.25,29.520833333333332,1.0916666666666666,2.1354166666666665
2025-06-13,26.92375,83.29166666666667,311.55,39.416666666666664,73.13333333333334,34.69583333333333,66.80416666666666,60.25,0.3020833333333333,1001.125,75.08333333333333,30.116666666666664,1.0958333333333334,2.1179166666666664
2025-06-14,41.388749999999995,109.95833333333333,542.0166666666667,57.5,89.67916666666667,48.9375,65.4375,42.666666666666664,0.041666666666666664,999.9166666666666,67.91666666666667,32.1,1.9958333333333333,2.2079166666666667
2025-06-15,50.333333333333336,129.04166666666666,1024.6791666666666,91.95833333333333,90.97916666666667,62.25416666666666,77.50833333333334,45.166666666666664,1.6041666666666667,1001.0,78.79166666666667,30.816666666666666,1.8833333333333335,1.7341666666666666
2025-06-16,32.729166666666664,96.5,654.0749999999999,89.95833333333333,70.59166666666667,37.583333333333336,101.27916666666665,91.95833333333333,1.3958333333333333,1003.7916666666666,86.83333333333333,27.429166666666664,1.0875000000000001,1.3320833333333333
2025-06-17,51.958333333333336,137.66666666666666,273.8666666666667,37.987500000000004,94.60000000000001,63.666666666666664,73.32083333333334,79.45833333333333,0.84375,1003.3333333333334,84.0,29.383333333333336,1.1083333333333334,1.8208333333333335
2025-06-18,49.90291666666667,132.83333333333334,181.25833333333333,32.333333333333336,92.01666666666667,57.416666666666664,71.2625,83.83333333333333,0.125,1002.6666666666666,74.95833333333333,30.837500000000002,1.075,2.6245833333333333
2025-06-19,47.86833333333333,114.08333333333333,274.84999999999997,48.270833333333336,80.34583333333333,57.69583333333333,53.458333333333336,84.33333333333333,0.6458333333333334,1001.9583333333334,77.79166666666667,31.258333333333336,1.075,1.9979166666666668
2025-06-20,93.625,169.41666666666666,230.1916666666667,66.78750000000001,31.733333333333334,110.14166666666667,47.86666666666667,84.45833333333333,0.375,1002.125,78.375,30.849999999999998,1.0791666666666666,2.2345833333333336
2025-06-21,30.01375,89.70833333333333,58.12083333333334,15.0,96.0625,38.80416666666667,39.72083333333333,71.41666666666667,3.3020833333333335,1003.375,87.375,28.683333333333334,1.0791666666666666,2.2475
2025-06-22,31.916666666666668,94.70833333333333,86.61666666666667,13.762500000000001,92.44583333333333,37.25833333333333,37.32083333333333,83.95833333333333,1.375,1004.4583333333334,90.04166666666667,27.52916666666667,1.0833333333333333,1.4391666666666667
2025-06-23,39.625,112.70833333333333,106.60416666666667,17.4875,84.77916666666667,47.270833333333336,45.22083333333333,69.375,0.3645833333333333,1003.4166666666666,79.625,30.145833333333332,1.2166666666666666,1.8225
2025-06-24,69.125,126.91666666666667,74.075,16.1375,55.90833333333333,76.65833333333333,38.94583333333333,58.583333333333336,0.07291666666666667,1003.625,78.91666666666667,30.708333333333332,1.0791666666666666,2.3725
2025-06-25,33.444583333333334,98.25,128.02083333333334,20.429166666666667,80.74166666666666,40.15416666666667,41.237500000000004,36.625,0.0,1005.4583333333334,81.625,29.712500000000002,1.3458333333333332,2.234166666666667
2025-06-26,34.902499999999996,100.41666666666667,145.84583333333333,24.5125,71.60416666666667,43.49583333333334,59.69583333333333,37.5,0.1875,1004.2916666666666,76.45833333333333,30.46666666666667,1.5625,1.8370833333333334
2025-06-27,31.666666666666668,93.08333333333333,570.2125,95.47500000000001,45.61666666666667,38.612500000000004,54.137499999999996,81.91666666666667,1.1041666666666667,1003.1666666666666,86.79166666666667,27.879166666666666,1.0708333333333333,1.23125
2025-06-28,28.610833333333332,85.95833333333333,155.94583333333335,29.483333333333334,75.70833333333333,39.7125,50.32083333333333,85.70833333333333,0.875,1002.0833333333334,87.95833333333333,28.291666666666668,1.0791666666666666,1.32
2025-06-29,40.48625,111.16666666666667,84.325,17.666666666666668,78.28333333333333,47.11666666666667,56.5,87.125,0.53125,1000.3333333333334,84.20833333333333,28.670833333333334,1.075,1.4758333333333333
2025-06-30,30.097083333333334,88.79166666666667,167.27916666666667,15.029166666666667,62.212500000000006,37.44166666666667,41.275,74.75,1.71875,1000.625,84.375,28.724999999999998,1.0708333333333333,1.5512499999999998
